stage,runtime_stage_s,cum_engine_s,wall_total_s,support_threshold,freq_threshold,n_mfi_cum
1,0.0006471,0.0006471,0.2814,0.999687,3195,1
2,2.17e-05,0.0006688,0.2814,0.996558,3185,2
3,5.1e-06,0.0006739,0.2814,0.995307,3181,2
4,1.2e-05,0.0006858999999999999,0.2814,0.991865,3170,4
5,1.04e-05,0.0006963,0.2814,0.985294,3149,4
6,2.1e-05,0.0007172999999999999,0.2814,0.96965,3099,2
7,2.52e-05,0.0007424999999999999,0.2814,0.962453,3076,4
8,3.33e-05,0.0007757999999999999,0.2814,0.957447,3060,6
9,4.65e-05,0.0008222999999999999,0.2814,0.951189,3040,9
10,5.83e-05,0.0008805999999999998,0.2814,0.945244,3021,11
11,5.73e-05,0.0009378999999999999,0.2814,0.945244,3021,12
12,7.15e-05,0.0010094,0.2814,0.942741,3013,18
13,0.0001729,0.0011822999999999998,0.2814,0.929599,2971,18
14,0.00053,0.0017123,0.2814,0.899249,2874,37
15,0.0008783,0.0025906,0.2814,0.894869,2860,50
16,0.001218,0.0038086,0.2814,0.888298,2839,55
17,0.0030246,0.0068332,0.2814,0.849186,2714,121
18,0.0068159,0.0136491,0.2814,0.823217,2631,156
19,0.0084485,0.022097600000000002,0.2814,0.817272,2612,180
20,0.0134823,0.0355799,0.2814,0.79975,2556,228
