rep,run_idx,threshold,wall_s,engine_s,cum_wall_s,cum_engine_s
1,1,0.999687,0.0903,1.98e-05,0.0903,2e-05
1,2,0.996558,0.1082,0.0001258,0.1985,0.000146
1,3,0.995307,0.1025,0.0001257,0.301,0.000271
1,4,0.991865,0.101,0.0001105,0.402,0.000382
1,5,0.985294,0.1025,0.0001157,0.5045,0.000497
1,6,0.969650,0.1011,0.0001408,0.6057,0.000638
1,7,0.962453,0.1026,0.0001519,0.7083,0.00079
1,8,0.957447,0.101,0.0002368,0.8093,0.001027
1,9,0.951189,0.1074,0.0001463,0.9167,0.001173
1,10,0.945244,0.1017,0.0001605,1.0184,0.001334
1,11,0.945244,0.0982,0.0002865,1.1166,0.00162
1,12,0.942741,0.1021,0.0003403,1.2186,0.001961
1,13,0.929599,0.1022,0.0005653,1.3208,0.002526
1,14,0.899249,0.106,0.0010869,1.4268,0.003613
1,15,0.894869,0.1139,0.0013377,1.5407,0.004951
1,16,0.888298,0.1028,0.0012899,1.6435,0.00624
1,17,0.849186,0.1168,0.0037391,1.7603,0.00998
1,18,0.823217,0.1072,0.0069531,1.8674,0.016933
1,19,0.817272,0.117,0.0077945,1.9844,0.024727
1,20,0.799750,0.1138,0.0109911,2.0982,0.035718
2,1,0.999687,0.0934,2.04e-05,0.0934,2e-05
2,2,0.996558,0.102,0.0001008,0.1954,0.000121
2,3,0.995307,0.1004,0.000105,0.2958,0.000226
2,4,0.991865,0.0995,0.0001199,0.3953,0.000346
2,5,0.985294,0.0996,0.0001091,0.4948,0.000455
2,6,0.969650,0.1001,0.0001264,0.5949,0.000582
2,7,0.962453,0.0989,0.0001117,0.6938,0.000693
2,8,0.957447,0.104,0.0001259,0.7979,0.000819
2,9,0.951189,0.1019,0.000217,0.8998,0.001036
2,10,0.945244,0.1123,0.0003775,1.0121,0.001414
2,11,0.945244,0.109,0.0002678,1.1211,0.001681
2,12,0.942741,0.1086,0.0002872,1.2297,0.001969
2,13,0.929599,0.1019,0.0006464,1.3316,0.002615
2,14,0.899249,0.1071,0.0009811,1.4387,0.003596
2,15,0.894869,0.1078,0.001254,1.5464,0.00485
2,16,0.888298,0.1073,0.0014066,1.6537,0.006257
2,17,0.849186,0.115,0.0036179,1.7687,0.009875
2,18,0.823217,0.1189,0.0070941,1.8877,0.016969
2,19,0.817272,0.1134,0.0073943,2.0011,0.024363
2,20,0.799750,0.1182,0.0106431,2.1193,0.035006
3,1,0.999687,0.0987,5.09e-05,0.0987,5.1e-05
3,2,0.996558,0.1055,0.0001375,0.2042,0.000188
3,3,0.995307,0.113,0.0001092,0.3172,0.000298
3,4,0.991865,0.1125,0.0001319,0.4297,0.000429
3,5,0.985294,0.1111,0.0001228,0.5408,0.000552
3,6,0.969650,0.1015,0.0001183,0.6423,0.000671
3,7,0.962453,0.1109,0.0001232,0.7532,0.000794
3,8,0.957447,0.1029,0.0002084,0.8561,0.001002
3,9,0.951189,0.1046,0.0004059,0.9607,0.001408
3,10,0.945244,0.1107,0.0003409,1.0714,0.001749
3,11,0.945244,0.1032,0.0002158,1.1746,0.001965
3,12,0.942741,0.1051,0.0003536,1.2797,0.002318
3,13,0.929599,0.1027,0.0005251,1.3824,0.002844
3,14,0.899249,0.1089,0.0011015,1.4913,0.003945
3,15,0.894869,0.1248,0.0010159,1.6161,0.004961
3,16,0.888298,0.1177,0.0021082,1.7338,0.007069
3,17,0.849186,0.1066,0.0039032,1.8404,0.010972
3,18,0.823217,0.1137,0.0066364,1.9541,0.017609
3,19,0.817272,0.1267,0.0080317,2.0808,0.02564
3,20,0.799750,0.1214,0.011764,2.2022,0.037404
4,1,0.999687,0.0984,5.51e-05,0.0984,5.5e-05
4,2,0.996558,0.1075,0.0001321,0.2059,0.000187
4,3,0.995307,0.1098,0.0001061,0.3157,0.000293
4,4,0.991865,0.1139,0.0001277,0.4296,0.000421
4,5,0.985294,0.1053,0.0001238,0.5349,0.000545
4,6,0.969650,0.1,0.0001449,0.6348,0.00069
4,7,0.962453,0.1045,0.0001191,0.7394,0.000809
4,8,0.957447,0.1028,0.0001452,0.8421,0.000954
4,9,0.951189,0.1,0.0002485,0.9422,0.001203
4,10,0.945244,0.1123,0.0003716,1.0544,0.001574
4,11,0.945244,0.1044,0.0002722,1.1588,0.001846
4,12,0.942741,0.1123,0.0002957,1.2711,0.002142
4,13,0.929599,0.1055,0.0005426,1.3766,0.002685
4,14,0.899249,0.1038,0.00116,1.4805,0.003845
4,15,0.894869,0.1078,0.0012917,1.5883,0.005136
4,16,0.888298,0.1067,0.00143,1.695,0.006566
4,17,0.849186,0.1123,0.003862,1.8073,0.010428
4,18,0.823217,0.114,0.0065119,1.9213,0.01694
4,19,0.817272,0.1137,0.0086608,2.0351,0.025601
4,20,0.799750,0.1216,0.0114567,2.1566,0.037058
5,1,0.999687,0.097,3.55e-05,0.097,3.6e-05
5,2,0.996558,0.1068,9.87e-05,0.2037,0.000134
5,3,0.995307,0.1059,0.0001186,0.3096,0.000253
5,4,0.991865,0.1015,0.0001135,0.4111,0.000366
5,5,0.985294,0.1112,0.0001173,0.5223,0.000484
5,6,0.969650,0.1043,0.0001382,0.6266,0.000622
5,7,0.962453,0.1124,0.0001882,0.739,0.00081
5,8,0.957447,0.1068,0.0001309,0.8458,0.000941
5,9,0.951189,0.1035,0.0003463,0.9493,0.001287
5,10,0.945244,0.1074,0.0002238,1.0567,0.001511
5,11,0.945244,0.1056,0.0002853,1.1623,0.001796
5,12,0.942741,0.1019,0.0002944,1.2642,0.002091
5,13,0.929599,0.1108,0.0005341,1.375,0.002625
5,14,0.899249,0.1077,0.0012525,1.4827,0.003877
5,15,0.894869,0.11,0.0011724,1.5927,0.00505
5,16,0.888298,0.1048,0.0026971,1.6976,0.007747
5,17,0.849186,0.1068,0.0040032,1.8044,0.01175
5,18,0.823217,0.1154,0.0067769,1.9198,0.018527
5,19,0.817272,0.1209,0.0074167,2.0407,0.025944
5,20,0.799750,0.1236,0.0112256,2.1643,0.037169
