stage,cum_engine_s,n_mfi_cum
1,0.0007086,1.0
2,0.0007695,2.0
3,0.0008389,3.0
4,0.0009337999999999999,4.0
5,0.0010452999999999999,5.0
6,0.0011688,6.0
7,0.0012883,7.0
8,0.0014772000000000001,8.0
9,0.0016833999999999998,9.0
10,0.0019059999999999997,10.0
11,0.0022407,11.0
12,0.0024622,12.0
13,0.0026289,13.0
14,0.0027333,14.0
15,0.002937499999999999,15.0
16,0.0031489,16.0
17,0.0032406,17.0
18,0.0034827,18.0
19,0.0036741,19.0
20,0.0037801,20.0
21,0.0038994,21.0
22,0.0040793,22.0
23,0.0042624,23.0
24,0.0044724000000000005,24.0
25,0.0045957,25.0
26,0.004784,26.0
27,0.004909,27.0
28,0.005028,28.0
29,0.005143900000000001,29.0
30,0.0053328,30.0
31,0.0054542,31.0
32,0.005567900000000001,32.0
33,0.005701500000000001,33.0
34,0.005888600000000001,34.0
35,0.006020000000000001,35.0
36,0.006161900000000001,36.0
37,0.006296700000000001,37.0
38,0.006422700000000002,38.0
39,0.0066256000000000015,39.0
40,0.006844600000000001,40.0
41,0.006988100000000001,41.0
42,0.007186700000000002,42.0
43,0.007373700000000001,43.0
44,0.007626500000000001,44.0
45,0.007778300000000001,45.0
46,0.007917800000000001,46.0
47,0.0080548,47.0
48,0.008237600000000001,48.0
49,0.008427700000000002,49.0
50,0.0086583,50.0
51,0.0088134,51.0
52,0.0090197,52.0
53,0.0092095,53.0
54,0.0093795,54.0
55,0.009531300000000001,55.0
56,0.009731100000000001,56.0
57,0.009984000000000002,57.0
58,0.010324000000000002,58.0
59,0.010516300000000001,59.0
60,0.0107965,60.0
61,0.0109764,61.0
62,0.011149200000000001,62.0
63,0.011394600000000001,63.0
64,0.0116617,64.0
65,0.011877500000000001,65.0
66,0.012132,66.0
67,0.0123659,67.0
68,0.012552,68.0
69,0.0127718,69.0
70,0.0129748,70.0
71,0.0131927,71.0
72,0.0134077,72.0
73,0.0136242,73.0
74,0.0138328,74.0
75,0.0140345,75.0
76,0.0142507,76.0
77,0.0144652,77.0
78,0.014750699999999999,78.0
79,0.0150187,79.0
80,0.0154744,80.0
81,0.015740100000000003,81.0
82,0.015956700000000004,82.0
83,0.016190600000000003,83.0
84,0.0164117,84.0
85,0.016645800000000002,85.0
86,0.016854700000000004,86.0
87,0.017087000000000005,87.0
88,0.017331800000000005,88.0
89,0.017596700000000003,89.0
90,0.017871000000000005,90.0
91,0.018169100000000004,91.0
92,0.018432900000000006,92.0
93,0.018715100000000005,93.0
94,0.018978200000000004,94.0
95,0.019271200000000006,95.0
96,0.019567600000000004,96.0
97,0.019843000000000003,97.0
98,0.020095000000000002,98.0
99,0.0203499,99.0
100,0.0206146,100.0
101,0.0208831,101.0
102,0.021144800000000002,102.0
103,0.021407100000000002,103.0
104,0.0216935,104.0
105,0.0219718,105.0
106,0.0222571,106.0
107,0.0225515,107.0
108,0.0228581,108.0
109,0.0231402,109.0
110,0.0234223,110.0
111,0.0238252,111.0
112,0.0241472,112.0
113,0.024448,113.0
114,0.024738700000000002,114.0
115,0.025032500000000003,115.0
116,0.0253248,116.0
117,0.0256282,117.0
118,0.0259331,118.0
119,0.026281899999999993,119.0
120,0.026642499999999993,120.0
121,0.027001599999999994,121.0
122,0.027368299999999995,122.0
123,0.027702899999999996,123.0
124,0.028059299999999995,124.0
125,0.028383899999999997,125.0
126,0.028760199999999996,126.0
127,0.029139399999999996,127.0
128,0.029478799999999996,128.0
129,0.029814699999999996,129.0
130,0.030162299999999996,130.0
131,0.030511899999999995,131.0
132,0.030852899999999996,132.0
133,0.031403499999999994,133.0
134,0.031775099999999994,134.0
135,0.03212949999999999,135.0
136,0.03247559999999999,136.0
137,0.03283699999999999,137.0
138,0.03318729999999999,138.0
139,0.03353739999999999,139.0
140,0.03389099999999999,140.0
141,0.03425019999999999,141.0
142,0.034624399999999986,142.0
143,0.03497579999999999,143.0
144,0.03533709999999999,144.0
145,0.03582889999999999,145.0
146,0.03619659999999999,146.0
147,0.03658749999999999,147.0
148,0.03695439999999999,148.0
149,0.03732409999999999,149.0
150,0.03784039999999999,150.0
151,0.03834609999999999,151.0
152,0.03874359999999999,152.0
153,0.03915149999999999,153.0
154,0.039562499999999994,154.0
155,0.04006599999999999,155.0
156,0.04048069999999999,156.0
157,0.04087219999999999,157.0
158,0.04151280000000001,158.0
159,0.04197320000000001,159.0
160,0.042365200000000006,160.0
161,0.042808000000000006,161.0
162,0.043254399999999985,162.0
163,0.043691199999999986,163.0
164,0.04410919999999999,164.0
165,0.04457009999999999,165.0
166,0.04499429999999999,166.0
167,0.04543469999999999,167.0
168,0.04586089999999999,168.0
169,0.04631019999999999,169.0
170,0.04675069999999999,170.0
171,0.047182499999999995,171.0
172,0.047599499999999996,172.0
173,0.048351899999999996,173.0
174,0.0487984,174.0
175,0.049240599999999995,175.0
176,0.0496579,176.0
177,0.0500863,177.0
178,0.0505223,178.0
179,0.0509615,179.0
180,0.0513917,180.0
181,0.05184070000000001,181.0
182,0.05229880000000001,182.0
183,0.05276900000000001,183.0
184,0.05323200000000001,184.0
185,0.05369090000000001,185.0
186,0.05497640000000001,186.0
187,0.05554790000000001,187.0
188,0.056001900000000014,188.0
189,0.05645550000000001,189.0
190,0.05693350000000001,190.0
191,0.057418100000000014,191.0
192,0.05788230000000001,192.0
193,0.058351500000000014,193.0
194,0.05881980000000001,194.0
195,0.05928720000000001,195.0
196,0.05978310000000001,196.0
197,0.060265500000000014,197.0
198,0.06073720000000001,198.0
199,0.06122140000000001,199.0
200,0.06172919999999999,200.0
201,0.06223189999999999,201.0
202,0.0627393,202.0
203,0.0634682,203.0
204,0.0639904,204.0
205,0.0647672,205.0
206,0.0653667,206.0
207,0.0658643,207.0
208,0.066356,208.0
209,0.0672763,209.0
210,0.0680518,210.0
211,0.06863609999999999,211.0
212,0.0692106,212.0
213,0.07010040000000001,213.0
214,0.07078730000000001,214.0
215,0.07131140000000001,215.0
216,0.07187570000000001,216.0
217,0.07250480000000001,217.0
218,0.0734491,218.0
219,0.0741763,219.0
220,0.0749382,220.0
221,0.07559509999999997,221.0
222,0.07612269999999997,222.0
223,0.07668839999999998,223.0
224,0.07724329999999997,224.0
225,0.07778689999999998,225.0
226,0.07882339999999997,226.0
227,0.07950819999999997,227.0
228,0.08010859999999997,228.0
229,0.08066379999999998,229.0
230,0.08126169999999998,230.0
231,0.08183679999999997,231.0
232,0.08240859999999997,232.0
233,0.08296679999999997,233.0
234,0.08353259999999997,234.0
235,0.08409179999999997,235.0
236,0.08464189999999996,236.0
237,0.08522329999999996,237.0
238,0.0863235,238.0
239,0.0869969,239.0
240,0.0876183,240.0
241,0.08824509999999999,241.0
242,0.08885259999999999,242.0
243,0.0894512,243.0
244,0.0901328,244.0
245,0.0907043,245.0
246,0.09138450000000001,246.0
247,0.09200519999999995,247.0
248,0.09262369999999995,248.0
249,0.09321719999999994,249.0
250,0.09380769999999994,250.0
251,0.09440389999999994,251.0
252,0.09498859999999994,252.0
253,0.09558949999999994,253.0
254,0.0962009,254.0
255,0.0968267,255.0
256,0.0974429,256.0
257,0.0981958,257.0
258,0.0991877,258.0
259,0.09994410000000001,259.0
260,0.1006427,260.0
261,0.1012982,261.0
262,0.1019964,262.0
263,0.102637,263.0
264,0.1032909,264.0
265,0.10396620000000001,265.0
266,0.104605,266.0
267,0.105258,267.0
268,0.1058864,268.0
269,0.1065161,269.0
270,0.10717,270.0
271,0.10790620000000001,271.0
272,0.10855200000000001,272.0
273,0.10919430000000001,273.0
274,0.10984020000000001,274.0
275,0.11051480000000001,275.0
276,0.1111922,276.0
277,0.111901,277.0
278,0.1126357,278.0
279,0.1133156,279.0
280,0.1139935,280.0
281,0.1146678,281.0
282,0.1153528,282.0
283,0.11610780000000001,283.0
284,0.11687030000000001,284.0
285,0.11766360000000001,285.0
286,0.11836890000000001,286.0
287,0.11906240000000001,287.0
288,0.11977690000000002,288.0
289,0.12050500000000001,289.0
290,0.12117530000000001,290.0
291,0.12184210000000001,291.0
292,0.12251740000000001,292.0
293,0.12318420000000001,293.0
294,0.12386530000000001,294.0
295,0.1245856,295.0
296,0.12528630000000002,296.0
297,0.12599080000000001,297.0
298,0.1267425,298.0
299,0.1274683,299.0
300,0.1281734,300.0
301,0.1288914,301.0
302,0.1295934,302.0
303,0.1303012,303.0
304,0.1310205,304.0
305,0.1317492,305.0
306,0.1325897,306.0
307,0.1334169,307.0
308,0.1351018,308.0
309,0.1358584,309.0
310,0.13659739999999998,310.0
311,0.13735489999999997,311.0
312,0.13808719999999997,312.0
313,0.13882809999999995,313.0
314,0.13956949999999996,314.0
315,0.14032459999999997,315.0
316,0.14121129999999996,316.0
317,0.14209849999999996,317.0
318,0.14288819999999997,318.0
319,0.14369899999999997,319.0
320,0.14450359999999995,320.0
321,0.14533699999999997,321.0
322,0.14618979999999995,322.0
323,0.14699569999999995,323.0
324,0.14786549999999996,324.0
325,0.14865999999999996,325.0
326,0.14944039999999995,326.0
327,0.15025539999999996,327.0
328,0.15123169999999997,328.0
329,0.15204629999999997,329.0
330,0.15282219999999996,330.0
331,0.15370379999999997,331.0
332,0.15449219999999997,332.0
333,0.15527519999999997,333.0
334,0.15609439999999997,334.0
335,0.15695069999999997,335.0
336,0.15787239999999997,336.0
337,0.15873839999999997,337.0
338,0.15954649999999998,338.0
339,0.16035489999999997,339.0
340,0.16119749999999997,340.0
341,0.16205649999999996,341.0
342,0.16287459999999995,342.0
343,0.16371419999999995,343.0
344,0.16454449999999995,344.0
345,0.16537659999999996,345.0
346,0.16622149999999997,346.0
347,0.16706839999999998,347.0
348,0.16791209999999998,348.0
349,0.16876249999999998,349.0
350,0.1696277,350.0
351,0.17047199999999998,351.0
352,0.17135859999999997,352.0
353,0.17220569999999996,353.0
354,0.17305209999999996,354.0
355,0.17398359999999996,355.0
356,0.17491829999999997,356.0
357,0.17584749999999996,357.0
358,0.17675269999999996,358.0
359,0.17764429999999995,359.0
360,0.17858839999999995,360.0
361,0.17942929999999996,361.0
362,0.18028029999999995,362.0
363,0.18112099999999995,363.0
364,0.18195869999999995,364.0
365,0.18282959999999995,365.0
366,0.18367769999999994,366.0
367,0.18453499999999995,367.0
368,0.18541349999999995,368.0
369,0.18627439999999995,369.0
370,0.18715139999999994,370.0
371,0.18803189999999995,371.0
372,0.18890499999999993,372.0
373,0.18983749999999994,373.0
374,0.19084659999999995,374.0
375,0.19590429999999995,375.0
376,0.19680939999999994,376.0
377,0.19769589999999995,377.0
378,0.19876609999999995,378.0
379,0.19974999999999996,379.0
380,0.20072879999999996,380.0
381,0.20166359999999997,381.0
382,0.20259809999999998,382.0
383,0.20353849999999998,383.0
384,0.20444669999999998,384.0
385,0.2053699,385.0
386,0.2062956,386.0
387,0.2072244,387.0
388,0.2081229,388.0
389,0.2090547,389.0
390,0.2099905,390.0
391,0.2109274,391.0
392,0.2118716,392.0
393,0.21279019999999998,393.0
394,0.2137181,394.0
395,0.2147375,395.0
396,0.2158195,396.0
397,0.2168254,397.0
398,0.2178122,398.0
399,0.2187868,399.0
400,0.2197808,400.0
401,0.2207553,401.0
402,0.2217382,402.0
403,0.2227248,403.0
404,0.223682,404.0
405,0.2246291,405.0
406,0.22560449999999999,406.0
407,0.22658099999999998,407.0
408,0.22754049999999998,408.0
409,0.22851049999999998,409.0
410,0.22947529999999997,410.0
411,0.23042469999999995,411.0
412,0.23151499999999994,412.0
413,0.23256339999999995,413.0
414,0.23353859999999996,414.0
415,0.23454439999999996,415.0
416,0.23555649999999995,416.0
417,0.23650849999999995,417.0
418,0.23745939999999996,418.0
419,0.23845399999999997,419.0
420,0.23945419999999998,420.0
421,0.24046379999999998,421.0
422,0.24148269999999997,422.0
423,0.24249309999999996,423.0
424,0.24350439999999995,424.0
425,0.24451789999999995,425.0
426,0.24552039999999994,426.0
427,0.24653649999999994,427.0
428,0.24763279999999993,428.0
429,0.24877519999999992,429.0
430,0.2498634999999999,430.0
431,0.2508837999999999,431.0
432,0.2519290999999999,432.0
433,0.2529831999999999,433.0
434,0.2540279999999999,434.0
435,0.25504579999999993,435.0
436,0.25606119999999993,436.0
437,0.2571168999999999,437.0
438,0.25822189999999995,438.0
439,0.2593309999999999,439.0
440,0.2603847999999999,440.0
441,0.2614211999999999,441.0
442,0.2624761999999999,442.0
443,0.2636306999999999,443.0
444,0.2648562999999999,444.0
445,0.26592499999999986,445.0
446,0.26706789999999986,446.0
447,0.26813339999999986,447.0
448,0.26924339999999986,448.0
449,0.27028169999999985,449.0
450,0.27135699999999985,450.0
451,0.27244059999999987,451.0
452,0.2735124999999999,452.0
453,0.2746091999999999,453.0
454,0.2756804999999999,454.0
455,0.27676499999999987,455.0
456,0.27785169999999987,456.0
457,0.27893759999999984,457.0
458,0.28010339999999984,458.0
459,0.28134739999999986,459.0
460,0.28248869999999987,460.0
461,0.28360219999999986,461.0
462,0.2847553999999999,462.0
463,0.2858556999999999,463.0
464,0.28691269999999985,464.0
465,0.28799569999999985,465.0
466,0.2890969999999999,466.0
467,0.29016759999999986,467.0
468,0.2912568999999999,468.0
469,0.29243019999999986,469.0
470,0.29354339999999984,470.0
471,0.29465619999999987,471.0
472,0.2957567999999999,472.0
473,0.29692249999999987,473.0
474,0.29816899999999985,474.0
475,0.29935219999999985,475.0
476,0.30056469999999985,476.0
477,0.30179229999999985,477.0
478,0.30295309999999986,478.0
479,0.30409159999999985,479.0
480,0.30527309999999985,480.0
481,0.30644909999999986,481.0
482,0.30767089999999986,482.0
483,0.30883679999999986,483.0
484,0.31003529999999985,484.0
485,0.3111889999999998,485.0
486,0.3123482999999998,486.0
487,0.3135746999999998,487.0
488,0.31483389999999983,488.0
489,0.3160298999999998,489.0
490,0.3172426999999998,490.0
491,0.31842269999999984,491.0
492,0.3195516999999998,492.0
493,0.3206607999999998,493.0
494,0.3217908999999998,494.0
495,0.32291509999999984,495.0
496,0.3240861999999998,496.0
497,0.3252441999999998,497.0
498,0.32644149999999983,498.0
499,0.32764509999999986,499.0
500,0.3288464999999999,500.0
501,0.33011829999999986,501.0
502,0.3315168999999999,502.0
503,0.3327523999999999,503.0
504,0.3339902999999999,504.0
505,0.3352600999999999,505.0
506,0.3364596999999999,506.0
507,0.3376623999999999,507.0
508,0.3389204999999999,508.0
509,0.3401502999999999,509.0
510,0.3413883999999999,510.0
511,0.34259169999999994,511.0
512,0.3437953999999999,512.0
513,0.34500059999999994,513.0
514,0.34627889999999995,514.0
515,0.34768079999999996,515.0
516,0.34891169999999994,516.0
517,0.35016699999999995,517.0
518,0.35145719999999997,518.0
519,0.35270529999999994,519.0
520,0.35392599999999996,520.0
521,0.35512019999999994,521.0
522,0.35634009999999994,522.0
523,0.35754469999999994,523.0
524,0.3587563999999999,524.0
525,0.35996539999999994,525.0
526,0.36119379999999995,526.0
527,0.36250769999999993,527.0
528,0.3638915999999999,528.0
529,0.3651670999999999,529.0
530,0.3666474999999999,530.0
531,0.3679486999999999,531.0
532,0.3691974999999999,532.0
533,0.3704291999999999,533.0
534,0.3716352999999999,534.0
535,0.3728609999999999,535.0
536,0.3741009999999999,536.0
537,0.3753500999999999,537.0
538,0.3766548999999999,538.0
539,0.3779207999999999,539.0
540,0.3792629999999999,540.0
541,0.3807002999999999,541.0
542,0.3820061999999999,542.0
543,0.3833056999999999,543.0
544,0.38462279999999993,544.0
545,0.38589929999999995,545.0
546,0.38715389999999994,546.0
547,0.38846249999999993,547.0
548,0.38971599999999995,548.0
549,0.39099179999999994,549.0
550,0.39230849999999995,550.0
551,0.39358429999999994,551.0
552,0.3948732999999999,552.0
553,0.39628269999999993,553.0
554,0.3976991999999999,554.0
555,0.39903209999999995,555.0
556,0.4003729999999999,556.0
557,0.4016547999999999,557.0
558,0.4029684999999999,558.0
559,0.40426489999999987,559.0
560,0.40556209999999987,560.0
561,0.40689739999999985,561.0
562,0.40825039999999985,562.0
563,0.4095874999999998,563.0
564,0.4109114999999998,564.0
565,0.4122527999999998,565.0
566,0.4137389999999998,566.0
567,0.4151019999999998,567.0
568,0.4164489999999998,568.0
569,0.4178082999999998,569.0
570,0.4191167999999998,570.0
571,0.4204445999999998,571.0
572,0.42180489999999976,572.0
573,0.4231433999999998,573.0
574,0.42449989999999976,574.0
575,0.42587259999999977,575.0
576,0.4273130999999998,576.0
577,0.4287437999999998,577.0
578,0.4302666999999998,578.0
579,0.43164859999999977,579.0
580,0.43303049999999976,580.0
581,0.4343534999999998,581.0
582,0.4356856999999998,582.0
583,0.4370290999999998,583.0
584,0.4383998999999998,584.0
585,0.4398234999999998,585.0
586,0.4412298999999998,586.0
587,0.44261509999999976,587.0
588,0.4440230999999998,588.0
589,0.4455055999999998,589.0
590,0.4470709999999998,590.0
591,0.4484840999999998,591.0
592,0.4499321999999998,592.0
593,0.45131979999999977,593.0
594,0.4527159999999998,594.0
595,0.45414599999999977,595.0
596,0.4555635999999998,596.0
597,0.45701649999999977,597.0
598,0.45844659999999976,598.0
599,0.45992479999999974,599.0
600,0.4613291999999998,600.0
601,0.46298739999999977,601.0
602,0.4645724999999998,602.0
603,0.46603159999999977,603.0
604,0.4673991999999998,604.0
605,0.4687859999999998,605.0
606,0.4701955999999998,606.0
607,0.47162449999999984,607.0
608,0.47303189999999984,608.0
609,0.47445819999999983,609.0
610,0.47586429999999985,610.0
611,0.4772839999999999,611.0
612,0.4788477999999999,612.0
613,0.48041829999999985,613.0
614,0.48190519999999987,614.0
615,0.48338169999999986,615.0
616,0.48485119999999987,616.0
617,0.48626569999999986,617.0
618,0.48777929999999986,618.0
619,0.48922499999999985,619.0
620,0.49074759999999984,620.0
621,0.49215949999999986,621.0
622,0.4935773999999999,622.0
623,0.49516749999999987,623.0
624,0.49675969999999986,624.0
625,0.49824809999999986,625.0
626,0.49976289999999984,626.0
627,0.5012785999999998,627.0
628,0.5028102999999998,628.0
629,0.5044330999999999,629.0
630,0.5060352999999999,630.0
631,0.5075294999999999,631.0
632,0.5089994999999998,632.0
633,0.5105079999999999,633.0
634,0.5121820999999999,634.0
635,0.5137006999999999,635.0
636,0.5152021999999999,636.0
637,0.5167898999999999,637.0
638,0.5182897999999999,638.0
639,0.5197618999999999,639.0
640,0.5212402999999999,640.0
641,0.5227096999999998,641.0
642,0.5241924999999998,642.0
643,0.5256767999999998,643.0
644,0.5271543999999998,644.0
645,0.5288715999999998,645.0
646,0.5304351999999998,646.0
647,0.5319908999999998,647.0
648,0.5335096999999999,648.0
649,0.5350335999999999,649.0
650,0.5365140999999999,650.0
651,0.5380090999999999,651.0
652,0.5395021999999999,652.0
653,0.5409959,653.0
654,0.5425396,654.0
655,0.5440695,655.0
656,0.5457765,656.0
657,0.5473873,657.0
658,0.5490518,658.0
659,0.5506175,659.0
660,0.5521644,660.0
661,0.553694,661.0
662,0.5552052000000001,662.0
663,0.5567073,663.0
664,0.5582147000000001,664.0
665,0.5597352000000001,665.0
666,0.5613969000000001,666.0
667,0.5630277000000001,667.0
668,0.5646724000000002,668.0
669,0.5663054000000002,669.0
670,0.5679036000000002,670.0
671,0.5694969000000002,671.0
672,0.5710161000000002,672.0
673,0.5725474000000003,673.0
674,0.5740865000000003,674.0
675,0.5756289000000003,675.0
676,0.5772584000000003,676.0
677,0.5790561000000003,677.0
678,0.5806938000000003,678.0
679,0.5823742000000003,679.0
680,0.5839359000000003,680.0
681,0.5855391000000003,681.0
682,0.5871046000000003,682.0
683,0.5886651000000003,683.0
684,0.5902796000000002,684.0
685,0.5918975000000002,685.0
686,0.5936149000000002,686.0
687,0.5954425000000002,687.0
688,0.5971168000000002,688.0
689,0.5988166000000003,689.0
690,0.6004790000000002,690.0
691,0.6020663000000002,691.0
692,0.6036835000000002,692.0
693,0.6052716000000001,693.0
694,0.6069462000000001,694.0
695,0.6085736,695.0
696,0.6102982,696.0
697,0.6121006,697.0
698,0.6137745,698.0
699,0.6154792,699.0
700,0.6171656,700.0
701,0.6188644,701.0
702,0.620637,702.0
703,0.6222714,703.0
704,0.6239106,704.0
705,0.6255284,705.0
706,0.6272239,706.0
707,0.6290131999999999,707.0
708,0.6307366,708.0
709,0.6324228,709.0
710,0.6340176999999999,710.0
711,0.6356755999999999,711.0
712,0.6373721999999999,712.0
713,0.6390239,713.0
714,0.640728,714.0
715,0.6424175999999999,715.0
716,0.6444015,716.0
717,0.646162,717.0
718,0.6479541,718.0
719,0.6496791,719.0
720,0.6513724999999999,720.0
721,0.6530894999999999,721.0
722,0.6548888999999999,722.0
723,0.6566128999999998,723.0
724,0.6583345999999999,724.0
725,0.6601177999999999,725.0
726,0.6621150999999998,726.0
727,0.6639003999999998,727.0
728,0.6656566999999999,728.0
729,0.6675190999999999,729.0
730,0.6692395999999999,730.0
731,0.6710079999999999,731.0
732,0.6726648999999999,732.0
733,0.6744267999999999,733.0
734,0.6763436999999999,734.0
735,0.6782390999999999,735.0
736,0.6799837999999999,736.0
737,0.6819285999999999,737.0
738,0.6836523999999999,738.0
739,0.6853731999999999,739.0
740,0.6870691999999999,740.0
741,0.6887724,741.0
742,0.6904836,742.0
743,0.6922322,743.0
744,0.6941849,744.0
745,0.6959976,745.0
746,0.6978206,746.0
747,0.6995905,747.0
748,0.7013427,748.0
749,0.7030414,749.0
750,0.7047591000000001,750.0
751,0.7064814,751.0
752,0.7082303000000001,752.0
753,0.7101369000000001,753.0
754,0.7119922000000001,754.0
755,0.7138659,755.0
756,0.7156076,756.0
757,0.717389,757.0
758,0.7191886000000001,758.0
759,0.7210213000000001,759.0
760,0.7228107000000001,760.0
761,0.7246445000000001,761.0
762,0.7265720000000001,762.0
763,0.7284641000000001,763.0
764,0.7303159,764.0
765,0.7321595,765.0
766,0.7339338999999999,766.0
767,0.7357309,767.0
768,0.7375579,768.0
769,0.7393552,769.0
770,0.741183,770.0
771,0.7430795,771.0
772,0.7449915,772.0
773,0.7468492,773.0
774,0.7487208,774.0
775,0.7505046999999999,775.0
776,0.7523696999999999,776.0
777,0.7542442999999999,777.0
778,0.7560767999999999,778.0
779,0.7579747999999998,779.0
780,0.7600665999999998,780.0
781,0.7619482999999998,781.0
782,0.7638380999999999,782.0
783,0.7656591999999999,783.0
784,0.7675821999999999,784.0
785,0.7694143999999998,785.0
786,0.7712017999999998,786.0
787,0.7730644999999998,787.0
788,0.7748999999999998,788.0
789,0.7769183999999998,789.0
790,0.7787733999999998,790.0
791,0.7808654999999999,791.0
792,0.7827085999999999,792.0
793,0.7846193999999999,793.0
794,0.7865110999999999,794.0
795,0.7884102,795.0
796,0.7903136999999999,796.0
797,0.7922797999999999,797.0
798,0.7943080999999999,798.0
799,0.7962184999999998,799.0
800,0.7981513999999998,800.0
801,0.8000546999999999,801.0
802,0.8019021,802.0
803,0.803762,803.0
804,0.8056923,804.0
805,0.8075538,805.0
806,0.8096025,806.0
807,0.8115348,807.0
808,0.8135585,808.0
809,0.815591,809.0
810,0.8174648999999999,810.0
811,0.8193452999999999,811.0
812,0.8212600999999999,812.0
813,0.8231403999999999,813.0
814,0.8250528999999999,814.0
815,0.8271797999999999,815.0
816,0.8291279999999999,816.0
817,0.8310934999999998,817.0
818,0.8330208999999998,818.0
819,0.8349123999999999,819.0
820,0.8369025999999999,820.0
821,0.8387998999999999,821.0
822,0.8406918999999999,822.0
823,0.8427486999999999,823.0
824,0.8447686999999999,824.0
825,0.8468174999999999,825.0
826,0.8487232999999998,826.0
827,0.8506365999999999,827.0
828,0.8525716999999998,828.0
829,0.8544637999999998,829.0
830,0.8564300999999997,830.0
831,0.8584677999999998,831.0
832,0.8605329999999998,832.0
833,0.8625963999999998,833.0
834,0.8645001999999998,834.0
835,0.8664034999999999,835.0
836,0.8683893999999999,836.0
837,0.8703275999999999,837.0
838,0.8722977999999999,838.0
839,0.8742913999999999,839.0
840,0.8764871,840.0
841,0.8785229999999999,841.0
842,0.8804957,842.0
843,0.8824117,843.0
844,0.884395,844.0
845,0.8863799,845.0
846,0.8883718,846.0
847,0.8903623,847.0
848,0.8925055000000001,848.0
849,0.8945258,849.0
850,0.8966275,850.0
851,0.8986004000000001,851.0
852,0.9005874,852.0
853,0.9025777,853.0
854,0.9046187,854.0
855,0.9066049,855.0
856,0.9088040000000001,856.0
857,0.9108612,857.0
858,0.9129131,858.0
859,0.914894,859.0
860,0.9168628,860.0
861,0.9188423,861.0
862,0.9208817,862.0
863,0.9229382,863.0
864,0.9251626000000001,864.0
865,0.9272925000000001,865.0
866,0.9294539,866.0
867,0.9314539000000001,867.0
868,0.9334824,868.0
869,0.9355203000000001,869.0
870,0.9375264000000001,870.0
871,0.9395737000000001,871.0
872,0.9418131000000001,872.0
873,0.9439096,873.0
874,0.9460306,874.0
875,0.9480125,875.0
876,0.9500179000000001,876.0
877,0.9519989000000001,877.0
878,0.9539421000000001,878.0
879,0.9559950000000002,879.0
880,0.9581701000000001,880.0
881,0.9603170000000001,881.0
882,0.9624507000000001,882.0
883,0.9645018000000001,883.0
884,0.9665541000000001,884.0
885,0.9685600000000001,885.0
886,0.9706013000000001,886.0
887,0.9726523000000001,887.0
888,0.9748101000000001,888.0
889,0.9770571000000001,889.0
890,0.9792451000000001,890.0
891,0.9813546000000001,891.0
892,0.9834831,892.0
893,0.9856275000000001,893.0
894,0.9877803,894.0
895,0.9898825000000001,895.0
896,0.9922994000000002,896.0
897,0.9945970000000002,897.0
898,0.9968480000000002,898.0
899,0.9990391000000002,899.0
900,1.0012293,900.0
901,1.0034747000000002,901.0
902,1.0056684000000002,902.0
903,1.0080524000000002,903.0
904,1.0103407000000002,904.0
905,1.0126607000000003,905.0
906,1.0148553000000002,906.0
907,1.0170597000000003,907.0
908,1.0192225000000004,908.0
909,1.0213777000000004,909.0
910,1.0237391000000005,910.0
911,1.0261358000000005,911.0
912,1.0285067000000006,912.0
913,1.0307019000000006,913.0
914,1.0329522000000007,914.0
915,1.0351524000000007,915.0
916,1.0372922000000007,916.0
917,1.0394487000000006,917.0
918,1.0418853000000006,918.0
919,1.0441361000000007,919.0
920,1.0464402000000006,920.0
921,1.0486505000000006,921.0
922,1.0508141000000006,922.0
923,1.0529943000000006,923.0
924,1.0552351000000006,924.0
925,1.0576274000000006,925.0
926,1.0599260000000006,926.0
927,1.0621878000000007,927.0
928,1.0643283000000008,928.0
929,1.0664701000000008,929.0
930,1.0686526000000007,930.0
931,1.0707961000000008,931.0
932,1.072996700000001,932.0
933,1.075387700000001,933.0
934,1.077689200000001,934.0
935,1.079920600000001,935.0
936,1.082188300000001,936.0
937,1.084358800000001,937.0
938,1.0865270000000011,938.0
939,1.0887876000000012,939.0
940,1.0912730000000013,940.0
941,1.0934891000000013,941.0
942,1.0957155000000014,942.0
943,1.0979455000000014,943.0
944,1.1001539000000014,944.0
945,1.1024372000000013,945.0
946,1.1047042000000014,946.0
947,1.1070461000000014,947.0
948,1.1094103000000013,948.0
949,1.1117025000000014,949.0
950,1.1139008000000015,950.0
951,1.1160688000000014,951.0
952,1.1182753000000014,952.0
953,1.1204889000000013,953.0
954,1.1227680000000013,954.0
955,1.1252247000000013,955.0
956,1.1275558000000012,956.0
957,1.1298291000000011,957.0
958,1.1321167000000012,958.0
959,1.134374000000001,959.0
960,1.1366000000000012,960.0
961,1.1388754000000012,961.0
962,1.1415417000000012,962.0
963,1.1439416000000011,963.0
964,1.146188300000001,964.0
965,1.148489900000001,965.0
966,1.150774400000001,966.0
967,1.153028300000001,967.0
968,1.155249500000001,968.0
969,1.157847400000001,969.0
970,1.160201600000001,970.0
971,1.1623843000000011,971.0
972,1.1646316000000012,972.0
973,1.166944400000001,973.0
974,1.1692890000000011,974.0
975,1.1716279000000012,975.0
976,1.1742778000000011,976.0
977,1.1767353000000011,977.0
978,1.1790981000000011,978.0
979,1.1814407000000011,979.0
980,1.183695100000001,980.0
981,1.1860090000000012,981.0
982,1.1883121000000012,982.0
983,1.1909812000000013,983.0
984,1.1933050000000014,984.0
985,1.1956332000000014,985.0
986,1.1979512000000014,986.0
987,1.2002298000000013,987.0
988,1.2026309000000013,988.0
989,1.2049759000000013,989.0
990,1.2078180000000014,990.0
991,1.2102638000000014,991.0
992,1.2127022000000014,992.0
993,1.2150263000000014,993.0
994,1.2174129000000014,994.0
995,1.2197730000000013,995.0
996,1.2221695000000012,996.0
997,1.2246928000000012,997.0
998,1.2271269000000014,998.0
999,1.2294601000000014,999.0
1000,1.2318285000000013,1000.0
1001,1.2342161000000014,1001.0
1002,1.2366210000000013,1002.0
1003,1.2391110000000014,1003.0
1004,1.2416151000000013,1004.0
1005,1.2440067000000012,1005.0
1006,1.2462762000000012,1006.0
1007,1.2486897000000012,1007.0
1008,1.2510120000000013,1008.0
1009,1.2533680000000014,1009.0
1010,1.2558362000000014,1010.0
1011,1.2583561000000014,1011.0
1012,1.2607985000000015,1012.0
1013,1.2631436000000016,1013.0
1014,1.2654647000000017,1014.0
1015,1.2678247000000016,1015.0
1016,1.2735094000000016,1016.0
1017,1.2760380000000016,1017.0
1018,1.2784655000000016,1018.0
1019,1.2808167000000017,1019.0
1020,1.2831901000000017,1020.0
1021,1.2855261000000016,1021.0
1022,1.2880431000000017,1022.0
1023,1.2906675000000016,1023.0
1024,1.2932949000000016,1024.0
1025,1.2957821000000016,1025.0
1026,1.2983698000000017,1026.0
1027,1.3009041000000017,1027.0
1028,1.3034474000000016,1028.0
1029,1.3061844000000016,1029.0
1030,1.3087883000000016,1030.0
1031,1.3113462000000016,1031.0
1032,1.3139146000000015,1032.0
1033,1.3164357000000015,1033.0
1034,1.3189488000000016,1034.0
1035,1.3215153000000015,1035.0
1036,1.3241257000000015,1036.0
1037,1.3266714000000015,1037.0
1038,1.3291580000000014,1038.0
1039,1.3317558000000014,1039.0
1040,1.3342855000000013,1040.0
1041,1.3367674000000014,1041.0
1042,1.3395466000000014,1042.0
1043,1.3421913000000014,1043.0
1044,1.3447671000000014,1044.0
1045,1.3472420000000014,1045.0
1046,1.3497781000000013,1046.0
1047,1.3523273000000013,1047.0
1048,1.3549985000000013,1048.0
1049,1.3576903000000013,1049.0
1050,1.3602352000000013,1050.0
1051,1.3627899000000012,1051.0
1052,1.3652193000000012,1052.0
1053,1.3676533000000013,1053.0
1054,1.3701778000000013,1054.0
1055,1.3728783000000013,1055.0
1056,1.3754740000000014,1056.0
1057,1.3780191000000015,1057.0
1058,1.3805763000000015,1058.0
1059,1.3831149000000016,1059.0
1060,1.3856559000000015,1060.0
1061,1.3883341000000016,1061.0
1062,1.3909843000000015,1062.0
1063,1.3935500000000014,1063.0
1064,1.3960810000000015,1064.0
1065,1.3985622000000015,1065.0
1066,1.4010255000000016,1066.0
1067,1.4035710000000017,1067.0
1068,1.4063638000000016,1068.0
1069,1.4091193000000015,1069.0
1070,1.4116754000000016,1070.0
1071,1.4141776000000015,1071.0
1072,1.4166852000000014,1072.0
1073,1.4192658000000014,1073.0
1074,1.4220090000000014,1074.0
1075,1.4247487000000014,1075.0
1076,1.4272823000000014,1076.0
1077,1.4299185000000014,1077.0
1078,1.4325497000000014,1078.0
1079,1.4351146000000015,1079.0
1080,1.4378736000000014,1080.0
1081,1.4406576000000013,1081.0
1082,1.4433086000000013,1082.0
1083,1.4458734000000013,1083.0
1084,1.4484468000000013,1084.0
1085,1.4511964000000013,1085.0
1086,1.4538322000000012,1086.0
1087,1.4566269000000012,1087.0
1088,1.4593110000000011,1088.0
1089,1.461835300000001,1089.0
1090,1.464506900000001,1090.0
1091,1.4670653000000011,1091.0
1092,1.4697800000000012,1092.0
1093,1.472807800000001,1093.0
1094,1.4755373000000012,1094.0
1095,1.4781317000000012,1095.0
1096,1.4807372000000012,1096.0
1097,1.4832910000000012,1097.0
1098,1.487696,1098.0
1099,1.4903362,1099.0
1100,1.4966850000000014,1100.0
1101,1.4993042000000014,1101.0
1102,1.5019001000000014,1102.0
1103,1.5045266000000015,1103.0
1104,1.5072117000000016,1104.0
1105,1.5098174000000015,1105.0
1106,1.5124655000000016,1106.0
1107,1.5150181000000016,1107.0
1108,1.5175763000000015,1108.0
1109,1.5203747000000016,1109.0
1110,1.5231504000000016,1110.0
1111,1.5258960000000015,1111.0
1112,1.5284874000000015,1112.0
1113,1.5311559000000015,1113.0
1114,1.5338414000000014,1114.0
1115,1.5365904000000012,1115.0
1116,1.5394720000000013,1116.0
1117,1.5422477000000012,1117.0
1118,1.5449550000000012,1118.0
1119,1.5475778000000011,1119.0
1120,1.550326100000001,1120.0
1121,1.553302400000001,1121.0
1122,1.5563841000000012,1122.0
1123,1.5591281000000001,1123.0
1124,1.5617992,1124.0
1125,1.5646364000000001,1125.0
1126,1.5672523,1126.0
1127,1.569853,1127.0
1128,1.5725282999999999,1128.0
1129,1.5750946,1129.0
1130,1.577885,1130.0
1131,1.5806315,1131.0
1132,1.5833344,1132.0
1133,1.5859477,1133.0
1134,1.5886523,1134.0
1135,1.5912564999999999,1135.0
1136,1.5938455999999999,1136.0
1137,1.5966558999999998,1137.0
1138,1.5993754999999998,1138.0
1139,1.6020477999999998,1139.0
1140,1.6046868999999997,1140.0
1141,1.6073798999999998,1141.0
1142,1.6100964999999998,1142.0
1143,1.6129277999999998,1143.0
1144,1.6156428999999999,1144.0
1145,1.6183489,1145.0
1146,1.6210182,1146.0
1147,1.6236795,1147.0
1148,1.6262952,1148.0
1149,1.6290274,1149.0
1150,1.6318019,1150.0
1151,1.6344470999999998,1151.0
1152,1.6371494999999998,1152.0
1153,1.6399310999999999,1153.0
1154,1.6425299999999998,1154.0
1155,1.6453634,1155.0
1156,1.6480933,1156.0
1157,1.6507523,1157.0
1158,1.6533906999999999,1158.0
1159,1.6561872999999998,1159.0
1160,1.6589256,1160.0
1161,1.6618412999999999,1161.0
1162,1.6646751,1162.0
1163,1.6673664,1163.0
1164,1.6700819999999998,1164.0
1165,1.6728520999999998,1165.0
1166,1.6754875999999999,1166.0
1167,1.6782088,1167.0
1168,1.6810296999999998,1168.0
1169,1.6837682999999999,1169.0
1170,1.6865143999999999,1170.0
1171,1.6892471999999998,1171.0
1172,1.6918969999999998,1172.0
1173,1.6947331999999997,1173.0
1174,1.6976069999999996,1174.0
1175,1.7004465999999996,1175.0
1176,1.7031820999999996,1176.0
1177,1.7059498999999996,1177.0
1178,1.7086393999999996,1178.0
1179,1.7117145999999996,1179.0
1180,1.7147153999999996,1180.0
1181,1.7174470999999996,1181.0
1182,1.7201695999999995,1182.0
1183,1.7229432999999996,1183.0
1184,1.7256701999999997,1184.0
1185,1.7285688999999997,1185.0
1186,1.7313849999999997,1186.0
1187,1.7341568999999997,1187.0
1188,1.7368550999999997,1188.0
1189,1.7396253999999995,1189.0
1190,1.7423489999999995,1190.0
1191,1.7452248999999995,1191.0
1192,1.7481309999999994,1192.0
1193,1.7508894999999995,1193.0
1194,1.7536581999999996,1194.0
1195,1.7565396999999996,1195.0
1196,1.7593694999999996,1196.0
1197,1.7622595999999995,1197.0
1198,1.7650121999999995,1198.0
1199,1.7677466999999996,1199.0
1200,1.7705158999999995,1200.0
1201,1.7733643999999995,1201.0
1202,1.7764019999999996,1202.0
1203,1.7793150999999996,1203.0
1204,1.7821322999999996,1204.0
1205,1.7850707999999995,1205.0
1206,1.7878741999999994,1206.0
1207,1.7906310999999995,1207.0
1208,1.7936612999999995,1208.0
1209,1.7965556999999994,1209.0
1210,1.7994172999999993,1210.0
1211,1.8022420999999993,1211.0
1212,1.8052570999999993,1212.0
1213,1.8082173999999993,1213.0
1214,1.8109650999999993,1214.0
1215,1.8137603999999994,1215.0
1216,1.8165858999999993,1216.0
1217,1.8193780999999993,1217.0
1218,1.8222971999999993,1218.0
1219,1.8250593999999993,1219.0
1220,1.8279000999999993,1220.0
1221,1.8308733999999993,1221.0
1222,1.8337416999999994,1222.0
1223,1.8366321999999993,1223.0
1224,1.8396343999999993,1224.0
1225,1.8425510999999994,1225.0
1226,1.8454127999999994,1226.0
1227,1.8482460999999994,1227.0
1228,1.8510761999999994,1228.0
1229,1.8539584999999994,1229.0
1230,1.8567857999999995,1230.0
1231,1.8595648999999994,1231.0
1232,1.8625101999999993,1232.0
1233,1.8653887999999994,1233.0
1234,1.8718903999999994,1234.0
1235,1.8748054999999995,1235.0
1236,1.8777023999999995,1236.0
1237,1.8806855999999996,1237.0
1238,1.8836196999999997,1238.0
1239,1.8865540999999997,1239.0
1240,1.8893773999999997,1240.0
1241,1.8922848999999997,1241.0
1242,1.8952543999999998,1242.0
1243,1.8981919999999999,1243.0
1244,1.9011692999999998,1244.0
1245,1.9041058999999998,1245.0
1246,1.9070015999999999,1246.0
1247,1.9098912,1247.0
1248,1.9129817,1248.0
1249,1.9159941,1249.0
1250,1.9189831,1250.0
1251,1.9219100999999998,1251.0
1252,1.9247195,1252.0
1253,1.9277436,1253.0
1254,1.9307230999999998,1254.0
1255,1.9336943999999998,1255.0
1256,1.9366765999999997,1256.0
1257,1.9395589999999998,1257.0
1258,1.9424413999999999,1258.0
1259,1.9455657999999998,1259.0
1260,1.9486414999999997,1260.0
1261,1.9516619999999998,1261.0
1262,1.9547268999999998,1262.0
1263,1.9577356,1263.0
1264,1.9607849,1264.0
1265,1.9638461,1265.0
1266,1.9668916,1266.0
1267,1.9700125000000002,1267.0
1268,1.9730569000000002,1268.0
1269,1.9763219000000003,1269.0
1270,1.9795815000000003,1270.0
1271,1.9826698000000003,1271.0
1272,1.9859037000000002,1272.0
1273,1.9888610000000002,1273.0
1274,1.9918554000000002,1274.0
1275,1.9949887000000002,1275.0
1276,1.9980164000000002,1276.0
1277,2.0009654,1277.0
1278,2.0040016,1278.0
1279,2.0069437,1279.0
1280,2.0100553,1280.0
1281,2.0132048,1281.0
1282,2.0163197,1282.0
1283,2.0194161999999998,1283.0
1284,2.0223484999999997,1284.0
1285,2.0254024999999998,1285.0
1286,2.0284866,1286.0
1287,2.0314899,1287.0
1288,2.0343839999999997,1288.0
1289,2.0374353,1289.0
1290,2.0404234,1290.0
1291,2.0435981,1291.0
1292,2.0466997,1292.0
1293,2.0497771,1293.0
1294,2.0528268,1294.0
1295,2.0559406,1295.0
1296,2.0589888,1296.0
1297,2.0621103,1297.0
1298,2.0651532,1298.0
1299,2.0681839,1299.0
1300,2.0712104,1300.0
1301,2.0741761,1301.0
1302,2.0774003,1302.0
1303,2.0805651,1303.0
1304,2.0836446,1304.0
1305,2.0905839,1305.0
1306,2.0938042,1306.0
1307,2.0969623,1307.0
1308,2.1000533,1308.0
1309,2.1032102,1309.0
1310,2.1063031,1310.0
1311,2.1095173,1311.0
1312,2.112676,1312.0
1313,2.1157109,1313.0
1314,2.1187441,1314.0
1315,2.1218458,1315.0
1316,2.1249982,1316.0
1317,2.1282951999999997,1317.0
1318,2.1314607999999997,1318.0
1319,2.1345924999999997,1319.0
1320,2.1377089999999996,1320.0
1321,2.1407518999999997,1321.0
1322,2.1439935999999995,1322.0
1323,2.1471016999999994,1323.0
1324,2.1502429999999992,1324.0
1325,2.153411399999999,1325.0
1326,2.156458199999999,1326.0
1327,2.159845999999999,1327.0
1328,2.1629544999999992,1328.0
1329,2.1659709999999994,1329.0
1330,2.1691997999999995,1330.0
1331,2.1723090999999997,1331.0
1332,2.17554,1332.0
1333,2.1787383,1333.0
1334,2.1818256,1334.0
1335,2.1849754,1335.0
1336,2.1880552,1336.0
1337,2.191193,1337.0
1338,2.1945152,1338.0
1339,2.1977577,1339.0
1340,2.2010503999999997,1340.0
1341,2.2041473999999996,1341.0
1342,2.2071946,1342.0
1343,2.2104065,1343.0
1344,2.2135704,1344.0
1345,2.216612,1345.0
1346,2.2197699,1346.0
1347,2.2228999000000003,1347.0
1348,2.2262688,1348.0
1349,2.2294491,1349.0
1350,2.2326195,1350.0
1351,2.2357671000000003,1351.0
1352,2.2388725000000003,1352.0
1353,2.2420385,1353.0
1354,2.2453201000000003,1354.0
1355,2.2486001000000004,1355.0
1356,2.2517973000000002,1356.0
1357,2.2549032,1357.0
1358,2.2581772000000004,1358.0
1359,2.2614596000000002,1359.0
1360,2.2646358,1360.0
1361,2.2677547000000002,1361.0
1362,2.2708878,1362.0
1363,2.2740865,1363.0
1364,2.2774083000000003,1364.0
1365,2.2806592,1365.0
1366,2.283881,1366.0
1367,2.2870594,1367.0
1368,2.2903453,1368.0
1369,2.2937516,1369.0
1370,2.2969757,1370.0
1371,2.300143,1371.0
1372,2.303327,1372.0
1373,2.3064762,1373.0
1374,2.3099039,1374.0
1375,2.3131802,1375.0
1376,2.316345,1376.0
1377,2.3242641,1377.0
1378,2.3275419000000004,1378.0
1379,2.3306936000000005,1379.0
1380,2.3338714000000005,1380.0
1381,2.3373838000000005,1381.0
1382,2.3407651000000005,1382.0
1383,2.3440263000000003,1383.0
1384,2.3471443000000005,1384.0
1385,2.3503943000000005,1385.0
1386,2.3538300000000003,1386.0
1387,2.3571040000000005,1387.0
1388,2.3603042000000007,1388.0
1389,2.3635182000000006,1389.0
1390,2.3667851000000004,1390.0
1391,2.3702746000000006,1391.0
1392,2.3735034000000006,1392.0
1393,2.3766898000000007,1393.0
1394,2.3798923000000007,1394.0
1395,2.3833893000000006,1395.0
1396,2.3869552000000005,1396.0
1397,2.3903065000000003,1397.0
1398,2.3935269000000003,1398.0
1399,2.3966691000000004,1399.0
1400,2.4000183000000006,1400.0
1401,2.4034102000000006,1401.0
1402,2.4067429000000007,1402.0
1403,2.411493600000002,1403.0
1404,2.4161818000000017,1404.0
1405,2.420841600000002,1405.0
1406,2.425787300000002,1406.0
1407,2.430562700000002,1407.0
1408,2.435355000000002,1408.0
1409,2.440305300000002,1409.0
1410,2.445439300000002,1410.0
1411,2.450298600000002,1411.0
1412,2.4551012000000023,1412.0
1413,2.4602119000000022,1413.0
1414,2.465161200000002,1414.0
1415,2.4699879000000022,1415.0
1416,2.475069100000002,1416.0
1417,2.480057600000002,1417.0
1418,2.484778100000002,1418.0
1419,2.489641700000002,1419.0
1420,2.494775800000002,1420.0
1421,2.499670000000002,1421.0
1422,2.504508200000002,1422.0
1423,2.5097432000000017,1423.0
1424,2.5146927000000017,1424.0
1425,2.519506900000002,1425.0
1426,2.524615100000002,1426.0
1427,2.529736600000002,1427.0
1428,2.534553900000002,1428.0
1429,2.539516800000002,1429.0
1430,2.544783500000002,1430.0
1431,2.549689600000002,1431.0
1432,2.554425600000002,1432.0
1433,2.5596557000000018,1433.0
1434,2.5646120000000017,1434.0
1435,2.5694324000000015,1435.0
1436,2.5746391000000015,1436.0
1437,2.5798193000000014,1437.0
1438,2.5848011000000013,1438.0
1439,2.5899844000000014,1439.0
1440,2.5953974000000013,1440.0
1441,2.600375200000001,1441.0
1442,2.605321000000001,1442.0
1443,2.610680400000001,1443.0
1444,2.615722600000001,1444.0
1445,2.620868800000001,1445.0
1446,2.626231000000001,1446.0
1447,2.6312417000000012,1447.0
1448,2.6362418000000014,1448.0
1449,2.641514300000001,1449.0
1450,2.646500800000001,1450.0
1451,2.6517307000000008,1451.0
1452,2.657069800000001,1452.0
1453,2.6622497000000007,1453.0
1454,2.6671628000000007,1454.0
1455,2.6722109000000005,1455.0
1456,2.6774624000000005,1456.0
1457,2.6824042000000006,1457.0
1458,2.6876919000000004,1458.0
1459,2.6930850000000004,1459.0
1460,2.6981566000000003,1460.0
1461,2.7033430000000003,1461.0
1462,2.7089416,1462.0
1463,2.714232,1463.0
1464,2.7195562,1464.0
1465,2.7249656,1465.0
1466,2.7302461,1466.0
1467,2.7353728,1467.0
1468,2.7407913,1468.0
1469,2.7459258,1469.0
1470,2.7508887000000004,1470.0
1471,2.7560748000000004,1471.0
1472,2.7614437000000005,1472.0
1473,2.7664621000000005,1473.0
1474,2.7715707000000003,1474.0
1475,2.7769047000000002,1475.0
1476,2.7820282,1476.0
1477,2.7870916,1477.0
1478,2.7925072,1478.0
1479,2.7977574,1479.0
1480,2.8029544,1480.0
1481,2.8084017,1481.0
1482,2.8136142,1482.0
1483,2.8186375999999997,1483.0
1484,2.8240081,1484.0
1485,2.8293037,1485.0
1486,2.834419,1486.0
1487,2.8398387,1487.0
1488,2.8451073,1488.0
1489,2.8501547,1489.0
1490,2.8554297,1490.0
1491,2.8607233,1491.0
1492,2.8658412,1492.0
1493,2.8709947000000002,1493.0
1494,2.8763979,1494.0
1495,2.8814903000000003,1495.0
1496,2.8866176,1496.0
1497,2.8923954000000003,1497.0
1498,2.8977507000000005,1498.0
1499,2.9027805000000004,1499.0
1500,2.9082735000000004,1500.0
1501,2.9135275000000003,1501.0
1502,2.9187537000000003,1502.0
1503,2.9243675000000002,1503.0
1504,2.9296025,1504.0
1505,2.9347716,1505.0
1506,2.9407747,1506.0
1507,2.9460436,1507.0
1508,2.9511689,1508.0
1509,2.9571663999999998,1509.0
1510,2.9623901999999998,1510.0
1511,2.9675054999999997,1511.0
1512,2.97292,1512.0
1513,2.9783771999999997,1513.0
1514,2.983551,1514.0
1515,2.9890977,1515.0
1516,2.9943554999999997,1516.0
1517,2.999538,1517.0
1518,3.0051392,1518.0
1519,3.0105380999999998,1519.0
1520,3.0158028,1520.0
1521,3.0211699,1521.0
1522,3.0267033,1522.0
1523,3.0319678999999997,1523.0
1524,3.0373358999999995,1524.0
1525,3.0428040999999997,1525.0
1526,3.0480593,1526.0
1527,3.0532516999999997,1527.0
1528,3.0588529999999996,1528.0
1529,3.0641874999999996,1529.0
1530,3.0695006999999994,1530.0
1531,3.0751022999999993,1531.0
1532,3.0805186999999994,1532.0
1533,3.0857325999999996,1533.0
1534,3.0914443999999994,1534.0
1535,3.0967728999999995,1535.0
1536,3.1019769999999993,1536.0
1537,3.1078011999999995,1537.0
1538,3.1130570999999994,1538.0
1539,3.1182672999999994,1539.0
1540,3.1239735999999994,1540.0
1541,3.1292987999999995,1541.0
1542,3.1345242999999994,1542.0
1543,3.140274899999999,1543.0
1544,3.145571699999999,1544.0
1545,3.150764299999999,1545.0
1546,3.1564842999999994,1546.0
1547,3.1619239999999995,1547.0
1548,3.1672250999999996,1548.0
1549,3.1731655999999995,1549.0
1550,3.1787005999999995,1550.0
1551,3.1839310999999997,1551.0
1552,3.1899600999999995,1552.0
1553,3.1956493999999993,1553.0
1554,3.2010109999999994,1554.0
1555,3.2067330999999992,1555.0
1556,3.212158799999999,1556.0
1557,3.217575799999999,1557.0
1558,3.223237599999999,1558.0
1559,3.228635999999999,1559.0
1560,3.234012399999999,1560.0
1561,3.239868599999999,1561.0
1562,3.245416099999999,1562.0
1563,3.250896399999999,1563.0
1564,3.256897899999999,1564.0
1565,3.262413699999999,1565.0
1566,3.267782099999999,1566.0
1567,3.273755999999999,1567.0
1568,3.279469299999999,1568.0
1569,3.284992399999999,1569.0
1570,3.290955299999999,1570.0
1571,3.296598299999999,1571.0
1572,3.302189599999999,1572.0
1573,3.3078679999999987,1573.0
1574,3.313399999999999,1574.0
1575,3.3191811999999987,1575.0
1576,3.324954699999999,1576.0
1577,3.330212699999999,1577.0
1578,3.3356880999999987,1578.0
1579,3.3414141999999987,1579.0
1580,3.346878599999999,1580.0
1581,3.3524310999999987,1581.0
1582,3.358199099999999,1582.0
1583,3.363599499999999,1583.0
1584,3.369305799999999,1584.0
1585,3.374969999999999,1585.0
1586,3.380250299999999,1586.0
1587,3.3858168999999987,1587.0
1588,3.391489699999999,1588.0
1589,3.3969295999999987,1589.0
1590,3.4026445999999986,1590.0
1591,3.4083670999999987,1591.0
1592,3.413715899999999,1592.0
1593,3.4194997999999988,1593.0
1594,3.425263499999999,1594.0
1595,3.4306311999999988,1595.0
1596,3.4364167999999986,1596.0
1597,3.4420810999999985,1597.0
1598,3.4475338999999985,1598.0
1599,3.4533044999999984,1599.0
1600,3.4592599999999982,1600.0
1601,3.4649737999999983,1601.0
1602,3.471048899999998,1602.0
1603,3.4767021999999983,1603.0
1604,3.4823000999999985,1604.0
1605,3.4885064999999984,1605.0
1606,3.4941562999999984,1606.0
1607,3.4996036999999984,1607.0
1608,3.5054032999999984,1608.0
1609,3.5113087999999983,1609.0
1610,3.5170013999999985,1610.0
1611,3.5230072999999984,1611.0
1612,3.5285490999999984,1612.0
1613,3.5342176999999984,1613.0
1614,3.5401162999999984,1614.0
1615,3.5459362999999984,1615.0
1616,3.5519174999999983,1616.0
1617,3.5576678999999984,1617.0
1618,3.5669763999999984,1618.0
1619,3.5728413999999984,1619.0
1620,3.5784631999999985,1620.0
1621,3.5840410999999985,1621.0
1622,3.5897397999999985,1622.0
1623,3.5953476999999987,1623.0
1624,3.600969199999999,1624.0
1625,3.6068817999999987,1625.0
1626,3.6124554999999985,1626.0
1627,3.6183010999999983,1627.0
1628,3.624017499999998,1628.0
1629,3.629466199999998,1629.0
1630,3.6353690999999984,1630.0
1631,3.6410527999999984,1631.0
1632,3.6465252999999986,1632.0
1633,3.6522104999999985,1633.0
1634,3.6578774999999983,1634.0
1635,3.6634362999999985,1635.0
1636,3.6693284999999984,1636.0
1637,3.6751300999999983,1637.0
1638,3.680776499999998,1638.0
1639,3.686665499999998,1639.0
1640,3.692618299999998,1640.0
1641,3.698319399999998,1641.0
1642,3.704378999999998,1642.0
1643,3.710201799999998,1643.0
1644,3.715736499999998,1644.0
1645,3.721845699999998,1645.0
1646,3.727740399999998,1646.0
1647,3.733534999999998,1647.0
1648,3.739483399999998,1648.0
1649,3.7451338999999977,1649.0
1650,3.7510817999999975,1650.0
1651,3.7568446999999976,1651.0
1652,3.7623908999999975,1652.0
1653,3.7684356999999977,1653.0
1654,3.7745110999999976,1654.0
1655,3.7802891999999977,1655.0
1656,3.786325299999998,1656.0
1657,3.792036499999998,1657.0
1658,3.797700699999998,1658.0
1659,3.8038604999999976,1659.0
1660,3.8095461999999976,1660.0
1661,3.8154786999999977,1661.0
1662,3.821383199999998,1662.0
1663,3.826995799999998,1663.0
1664,3.832757699999998,1664.0
1665,3.838868899999998,1665.0
1666,3.8448704999999976,1666.0
1667,3.8509587999999977,1667.0
1668,3.8568374999999975,1668.0
1669,3.8626601999999974,1669.0
1670,3.8685518999999973,1670.0
1671,3.874416699999997,1671.0
1672,3.8801160999999973,1672.0
1673,3.8861256999999974,1673.0
1674,3.8918378999999974,1674.0
1675,3.8975813999999973,1675.0
1676,3.9037382999999974,1676.0
1677,3.9096646999999973,1677.0
1678,3.9153572999999975,1678.0
1679,3.9214784999999974,1679.0
1680,3.9271038999999974,1680.0
1681,3.9332121999999976,1681.0
1682,3.9392030999999976,1682.0
1683,3.9448288999999974,1683.0
1684,3.9507733999999974,1684.0
1685,3.9566688999999973,1685.0
1686,3.9625300999999973,1686.0
1687,3.9686098999999975,1687.0
1688,3.9748702999999974,1688.0
1689,3.9805294999999976,1689.0
1690,3.9865999999999975,1690.0
1691,3.9924774999999975,1691.0
1692,3.9982940999999976,1692.0
1693,4.004449499999998,1693.0
1694,4.010371799999998,1694.0
1695,4.016325499999998,1695.0
1696,4.022287599999998,1696.0
1697,4.028169699999998,1697.0
1698,4.034317599999998,1698.0
1699,4.040276499999998,1699.0
1700,4.0460208999999985,1700.0
1701,4.052214799999999,1701.0
1702,4.058049299999999,1702.0
1703,4.063763099999998,1703.0
1704,4.075465499999998,1704.0
1705,4.081298099999998,1705.0
1706,4.087309399999998,1706.0
1707,4.092835099999998,1707.0
1708,4.098949799999998,1708.0
1709,4.104831199999998,1709.0
1710,4.110551299999997,1710.0
1711,4.116608099999997,1711.0
1712,4.122473699999997,1712.0
1713,4.128302399999997,1713.0
1714,4.134482799999997,1714.0
1715,4.140378199999997,1715.0
1716,4.146256699999997,1716.0
1717,4.152362099999997,1717.0
1718,4.158248799999996,1718.0
1719,4.164130999999997,1719.0
1720,4.170417499999997,1720.0
1721,4.176442999999996,1721.0
1722,4.182423899999996,1722.0
1723,4.188506999999996,1723.0
1724,4.194200899999996,1724.0
1725,4.200308799999996,1725.0
1726,4.206258699999996,1726.0
1727,4.2122733999999955,1727.0
1728,4.218514599999995,1728.0
1729,4.224464599999996,1729.0
1730,4.230642799999996,1730.0
1731,4.237029199999996,1731.0
1732,4.242961499999995,1732.0
1733,4.249156799999995,1733.0
1734,4.2552007999999955,1734.0
1735,4.261065599999996,1735.0
1736,4.267329899999996,1736.0
1737,4.273486299999996,1737.0
1738,4.279367799999996,1738.0
1739,4.285677599999996,1739.0
1740,4.291940799999996,1740.0
1741,4.298105399999996,1741.0
1742,4.304284999999997,1742.0
1743,4.310331199999997,1743.0
1744,4.316720999999997,1744.0
1745,4.329694299999996,1745.0
1746,4.338698399999997,1746.0
1747,4.347188899999996,1747.0
1748,4.355371299999996,1748.0
1749,4.363482299999997,1749.0
1750,4.371218599999997,1750.0
1751,4.378402599999997,1751.0
1752,4.386388199999996,1752.0
1753,4.393881899999997,1753.0
1754,4.401665599999997,1754.0
1755,4.4092122999999965,1755.0
1756,4.416410699999997,1756.0
1757,4.422647199999997,1757.0
1758,4.430282099999997,1758.0
1759,4.438739599999996,1759.0
1760,4.4454841999999966,1760.0
1761,4.452156699999996,1761.0
1762,4.4588702999999965,1762.0
1763,4.465455399999996,1763.0
1764,4.472057399999996,1764.0
1765,4.478570699999996,1765.0
1766,4.485042199999996,1766.0
1767,4.491135199999996,1767.0
1768,4.497548199999996,1768.0
1769,4.503818199999996,1769.0
1770,4.510017799999996,1770.0
1771,4.516377999999996,1771.0
1772,4.522624299999996,1772.0
1773,4.528879499999996,1773.0
1774,4.535480899999996,1774.0
1775,4.541533099999996,1775.0
1776,4.5478580999999965,1776.0
1777,4.554093499999996,1777.0
1778,4.560194099999996,1778.0
1779,4.566619499999996,1779.0
1780,4.5730549999999965,1780.0
1781,4.579279199999997,1781.0
1782,4.585727499999996,1782.0
1783,4.591976899999996,1783.0
1784,4.598515199999996,1784.0
1785,4.604881299999996,1785.0
1786,4.611177299999996,1786.0
1787,4.617944799999996,1787.0
1788,4.623959699999996,1788.0
1789,4.630466299999996,1789.0
1790,4.636818999999996,1790.0
1791,4.643020599999995,1791.0
1792,4.6495519999999955,1792.0
1793,4.655747099999996,1793.0
1794,4.6621646999999955,1794.0
1795,4.6687701999999955,1795.0
1796,4.674830699999996,1796.0
1797,4.6814873999999955,1797.0
1798,4.687866299999995,1798.0
1799,4.694003199999995,1799.0
1800,4.7007805999999945,1800.0
1801,4.707164399999995,1801.0
1802,4.713820899999995,1802.0
1803,4.720266799999995,1803.0
1804,4.726467199999995,1804.0
1805,4.732977699999995,1805.0
1806,4.739375499999995,1806.0
1807,4.745844499999995,1807.0
1808,4.752417899999995,1808.0
1809,4.758719699999995,1809.0
1810,4.765302799999995,1810.0
1811,4.771685299999995,1811.0
1812,4.7779050999999955,1812.0
1813,4.784653199999996,1813.0
1814,4.790848599999996,1814.0
1815,4.797373099999996,1815.0
1816,4.803858199999996,1816.0
1817,4.810041099999996,1817.0
1818,4.816698799999996,1818.0
1819,4.822889799999996,1819.0
1820,4.829415099999996,1820.0
1821,4.835805199999996,1821.0
1822,4.841875699999996,1822.0
1823,4.848430799999996,1823.0
1824,4.854857699999996,1824.0
1825,4.861255299999995,1825.0
1826,4.867869799999996,1826.0
1827,4.874031699999996,1827.0
1828,4.880555099999996,1828.0
1829,4.886949499999996,1829.0
1830,4.893084499999995,1830.0
1831,4.899842799999996,1831.0
1832,4.9060605999999956,1832.0
1833,4.912692099999996,1833.0
1834,4.919128199999996,1834.0
1835,4.925726999999996,1835.0
1836,4.932649199999996,1836.0
1837,4.9389004999999955,1837.0
1838,4.945475499999995,1838.0
1839,4.951900199999995,1839.0
1840,4.958222399999995,1840.0
1841,4.965138599999995,1841.0
1842,4.971714199999995,1842.0
1843,4.978593399999995,1843.0
1844,4.985345399999995,1844.0
1845,4.991578199999995,1845.0
1846,4.998441399999995,1846.0
1847,5.0052466999999945,1847.0
1848,5.011842099999995,1848.0
1849,5.0183293999999945,1849.0
1850,5.024576199999995,1850.0
1851,5.031283599999995,1851.0
1852,5.037880599999995,1852.0
1853,5.044338199999995,1853.0
1854,5.050880299999995,1854.0
1855,5.057076699999995,1855.0
1856,5.063839499999995,1856.0
1857,5.070246099999995,1857.0
1858,5.076470399999995,1858.0
1859,5.083198999999995,1859.0
1860,5.0895014999999955,1860.0
1861,5.0960863999999955,1861.0
1862,5.102544199999995,1862.0
1863,5.108945099999995,1863.0
1864,5.115693699999995,1864.0
1865,5.122006499999995,1865.0
1866,5.1288556999999955,1866.0
1867,5.135335299999995,1867.0
1868,5.144799499999995,1868.0
1869,5.151293899999995,1869.0
1870,5.1575120999999955,1870.0
1871,5.163961199999996,1871.0
1872,5.170352399999996,1872.0
1873,5.176753199999996,1873.0
1874,5.1833708999999955,1874.0
1875,5.189735899999995,1875.0
1876,5.196456299999995,1876.0
1877,5.203072099999995,1877.0
1878,5.209871499999995,1878.0
1879,5.216700999999995,1879.0
1880,5.223097799999995,1880.0
1881,5.2298895999999955,1881.0
1882,5.236407899999995,1882.0
1883,5.243019899999995,1883.0
1884,5.249915099999995,1884.0
1885,5.256302399999995,1885.0
1886,5.263076899999994,1886.0
1887,5.269648099999994,1887.0
1888,5.276113999999994,1888.0
1889,5.283075399999994,1889.0
1890,5.2895146999999945,1890.0
1891,5.296255499999995,1891.0
1892,5.302843899999995,1892.0
1893,5.309411499999995,1893.0
1894,5.316256799999995,1894.0
1895,5.322607399999995,1895.0
1896,5.329787599999995,1896.0
1897,5.336412299999995,1897.0
1898,5.343043499999995,1898.0
1899,5.349737499999995,1899.0
1900,5.356324399999996,1900.0
1901,5.363155999999996,1901.0
1902,5.369737199999996,1902.0
1903,5.376433699999996,1903.0
1904,5.383192999999996,1904.0
1905,5.389686599999996,1905.0
1906,5.396515599999995,1906.0
1907,5.403108999999995,1907.0
1908,5.409851899999995,1908.0
1909,5.416634499999995,1909.0
1910,5.423177499999995,1910.0
1911,5.430113799999995,1911.0
1912,5.436808699999995,1912.0
1913,5.443533599999995,1913.0
1914,5.450238299999995,1914.0
1915,5.456816399999995,1915.0
1916,5.463751699999995,1916.0
1917,5.470362499999995,1917.0
1918,5.477103799999995,1918.0
1919,5.483722399999995,1919.0
1920,5.490154299999995,1920.0
1921,5.497109799999995,1921.0
1922,5.503658599999995,1922.0
1923,5.510519999999995,1923.0
1924,5.517244699999996,1924.0
1925,5.523770799999996,1925.0
1926,5.530806999999996,1926.0
1927,5.537262199999996,1927.0
1928,5.544108899999996,1928.0
1929,5.550922099999996,1929.0
1930,5.557710599999996,1930.0
1931,5.5647511999999955,1931.0
1932,5.571261199999995,1932.0
1933,5.578336399999995,1933.0
1934,5.584997899999995,1934.0
1935,5.591677499999995,1935.0
1936,5.598581699999995,1936.0
1937,5.605193699999995,1937.0
1938,5.612262199999995,1938.0
1939,5.618835999999995,1939.0
1940,5.625742999999995,1940.0
1941,5.632663799999994,1941.0
1942,5.639225499999994,1941.0
1943,5.646281999999994,1942.0
1944,5.652934399999994,1943.0
1945,5.659921899999994,1944.0
1946,5.666727499999994,1945.0
1947,5.673382399999994,1946.0
1948,5.680190499999994,1947.0
1949,5.686868899999994,1948.0
1950,5.693770899999994,1949.0
1951,5.700537199999994,1950.0
1952,5.707319999999994,1951.0
1953,5.714211099999994,1952.0
1954,5.720887999999994,1953.0
1955,5.728168599999994,1954.0
1956,5.734903299999994,1955.0
1957,5.741692299999994,1956.0
1958,5.748492599999994,1957.0
1959,5.755297799999994,1958.0
1960,5.762371299999994,1959.0
1961,5.769164399999994,1960.0
1962,5.776381299999994,1961.0
1963,5.783483699999994,1962.0
1964,5.790389199999995,1963.0
1965,5.797583599999995,1964.0
1966,5.804241299999995,1965.0
1967,5.811382499999995,1966.0
1968,5.818250599999995,1967.0
1969,5.825142499999996,1968.0
1970,5.832138199999996,1969.0
1971,5.838865999999996,1970.0
1972,5.846287099999996,1971.0
1973,5.853047999999996,1972.0
1974,5.859956399999996,1973.0
1975,5.866851099999996,1974.0
1976,5.873918599999996,1975.0
1977,5.880888799999996,1976.0
1978,5.887551099999996,1977.0
1979,5.894802199999996,1978.0
1980,5.901696399999996,1979.0
1981,5.908748699999996,1980.0
1982,5.915626599999996,1981.0
1983,5.922198299999996,1982.0
1984,5.929517899999996,1983.0
1985,5.936230499999996,1984.0
1986,5.943626399999996,1985.0
1987,5.950455399999996,1986.0
1988,5.9574462999999955,1987.0
1989,5.9645806999999955,1988.0
1990,5.971252399999996,1989.0
1991,5.978557599999996,1990.0
1992,5.985389499999996,1991.0
1993,5.992583399999996,1992.0
1994,5.999591699999995,1993.0
1995,6.006483799999995,1994.0
1996,6.013539899999995,1995.0
1997,6.020379299999995,1996.0
1998,6.027480699999995,1997.0
1999,6.034526999999994,1998.0
2000,6.041592499999995,1999.0
2001,6.048641499999995,2000.0
2002,6.055573599999995,2001.0
2003,6.0627140999999956,2002.0
2004,6.070954199999996,2003.0
2005,6.078206799999996,2004.0
2006,6.084964699999996,2005.0
2007,6.092040099999996,2006.0
2008,6.099268699999996,2007.0
2009,6.106245999999996,2008.0
2010,6.113473299999996,2009.0
2011,6.120339599999997,2010.0
2012,6.127666999999997,2011.0
2013,6.134556199999997,2012.0
2014,6.141750199999997,2013.0
2015,6.148668299999997,2014.0
2016,6.155865299999997,2015.0
2017,6.1630179999999966,2016.0
2018,6.169897599999997,2017.0
2019,6.177357099999997,2018.0
2020,6.184277399999997,2019.0
2021,6.191511999999998,2020.0
2022,6.198566799999997,2021.0
2023,6.2058842999999975,2022.0
2024,6.213174499999997,2023.0
2025,6.220076099999997,2024.0
2026,6.227699499999997,2025.0
2027,6.235091099999997,2026.0
2028,6.242510399999997,2027.0
2029,6.249692399999997,2028.0
2030,6.256991999999997,2029.0
2031,6.264327299999997,2030.0
2032,6.2714019999999975,2031.0
2033,6.2786627999999975,2032.0
2034,6.289831999999998,2033.0
2035,6.297151699999998,2034.0
2036,6.303922599999998,2035.0
2037,6.311207799999998,2036.0
2038,6.318013099999998,2037.0
2039,6.325188899999998,2038.0
2040,6.3322084999999975,2039.0
2041,6.339292499999997,2040.0
2042,6.346641099999998,2041.0
2043,6.353792299999998,2042.0
2044,6.361325599999998,2043.0
2045,6.368305199999998,2044.0
2046,6.375707699999999,2045.0
2047,6.382717399999999,2046.0
2048,6.389985199999999,2047.0
2049,6.397062899999999,2048.0
2050,6.404053099999999,2049.0
2051,6.411628699999999,2050.0
2052,6.418445199999999,2051.0
2053,6.426026399999999,2052.0
2054,6.432909699999999,2053.0
2055,6.440346799999999,2054.0
2056,6.447440199999998,2055.0
2057,6.454716399999998,2056.0
2058,6.4621508999999975,2057.0
2059,6.469039699999997,2058.0
2060,6.476386099999997,2059.0
2061,6.4834042999999975,2060.0
2062,6.490643799999997,2061.0
2063,6.497824099999997,2062.0
2064,6.509509599999997,2063.0
2065,6.516562799999996,2064.0
2066,6.523720699999997,2065.0
2067,6.530768799999996,2066.0
2068,6.537857199999996,2067.0
2069,6.544932199999996,2068.0
2070,6.551704399999997,2069.0
2071,6.559175899999997,2070.0
2072,6.566486799999997,2071.0
2073,6.573876099999997,2072.0
2074,6.581044199999997,2073.0
2075,6.588394599999997,2074.0
2076,6.595781899999998,2075.0
2077,6.602757999999998,2076.0
2078,6.610114899999998,2077.0
2079,6.617360499999998,2078.0
2080,6.624917599999998,2079.0
2081,6.6321271999999984,2080.0
2082,6.639499699999998,2081.0
2083,6.6467991999999985,2082.0
2084,6.654022999999999,2083.0
2085,6.661428899999999,2084.0
2086,6.668414099999999,2085.0
2087,6.676088999999998,2086.0
2088,6.6831090999999985,2087.0
2089,6.690622899999998,2088.0
2090,6.697770399999999,2089.0
2091,6.705190199999999,2090.0
2092,6.712646199999999,2091.0
2093,6.719997299999999,2092.0
2094,6.727490499999999,2093.0
2095,6.734778399999999,2094.0
2096,6.742484399999999,2095.0
2097,6.749589999999999,2096.0
2098,6.757233199999999,2097.0
2099,6.764531899999999,2098.0
2100,6.772305099999999,2099.0
2101,6.779690999999999,2100.0
2102,6.787132999999999,2101.0
2103,6.794661199999999,2102.0
2104,6.802181399999999,2103.0
2105,6.8099875999999995,2104.0
2106,6.817086799999999,2105.0
2107,6.824673399999999,2106.0
2108,6.832055399999999,2107.0
2109,6.839596199999999,2108.0
2110,6.846874799999999,2109.0
2111,6.854326599999999,2110.0
2112,6.861698499999999,2111.0
2113,6.868823299999999,2112.0
2114,6.876399499999999,2113.0
2115,6.883592599999999,2114.0
2116,6.891378199999999,2115.0
2117,6.898627099999999,2116.0
2118,6.906065399999998,2117.0
2119,6.913394599999998,2118.0
2120,6.921094799999999,2119.0
2121,6.928464699999998,2120.0
2122,6.935919199999998,2121.0
2123,6.943372399999998,2122.0
2124,6.950520899999997,2123.0
2125,6.958404199999997,2124.0
2126,6.965520299999997,2125.0
2127,6.973055899999997,2126.0
2128,6.980309499999997,2127.0
2129,6.9877784999999975,2128.0
2130,6.995104999999997,2129.0
2131,7.002636599999997,2130.0
2132,7.010350599999997,2131.0
2133,7.017360299999997,2132.0
2134,7.025093199999997,2133.0
2135,7.032156099999997,2134.0
2136,7.039755999999997,2135.0
2137,7.047112599999997,2136.0
2138,7.054547299999997,2137.0
2139,7.062069399999997,2138.0
2140,7.069664299999997,2139.0
2141,7.078109699999997,2140.0
2142,7.086173799999997,2141.0
2143,7.094130699999997,2142.0
2144,7.101861199999997,2143.0
2145,7.109434999999998,2144.0
2146,7.116866799999998,2145.0
2147,7.124548299999998,2146.0
2148,7.131908399999998,2147.0
2149,7.139530299999998,2148.0
2150,7.1468599999999975,2149.0
2151,7.1544779999999975,2150.0
2152,7.161929099999997,2151.0
2153,7.169571999999997,2152.0
2154,7.177006399999997,2153.0
2155,7.184454699999997,2154.0
2156,7.192178999999997,2155.0
2157,7.199558899999997,2156.0
2158,7.207170299999997,2157.0
2159,7.214500699999997,2158.0
2160,7.222313499999997,2159.0
2161,7.229965199999997,2160.0
2162,7.237733999999997,2161.0
2163,7.245243799999997,2162.0
2164,7.252760499999997,2163.0
2165,7.260218299999997,2164.0
2166,7.2675788999999975,2165.0
2167,7.275385499999998,2166.0
2168,7.282882199999998,2167.0
2169,7.293252199999998,2168.0
2170,7.300736999999998,2169.0
2171,7.308505799999998,2170.0
2172,7.315724399999998,2171.0
2173,7.323685099999998,2172.0
2174,7.330815499999998,2173.0
2175,7.338646599999998,2174.0
2176,7.345960499999998,2175.0
2177,7.353847199999998,2176.0
2178,7.361545799999998,2177.0
2179,7.369194099999998,2178.0
2180,7.376701199999998,2179.0
2181,7.384649399999998,2180.0
2182,7.392062899999998,2181.0
2183,7.399583199999999,2182.0
2184,7.407315999999999,2183.0
2185,7.414692499999999,2184.0
2186,7.422418199999999,2185.0
2187,7.429962799999999,2186.0
2188,7.437720499999999,2187.0
2189,7.445098799999999,2188.0
2190,7.452742999999999,2189.0
2191,7.460343899999999,2190.0
2192,7.4680187999999985,2191.0
2193,7.475797199999999,2192.0
2194,7.483631699999999,2193.0
2195,7.491662899999999,2194.0
2196,7.499336699999999,2195.0
2197,7.507246999999999,2196.0
2198,7.514858899999998,2197.0
2199,7.5229922999999985,2198.0
2200,7.530280399999999,2199.0
2201,7.538026099999999,2200.0
2202,7.545512299999999,2201.0
2203,7.553204199999999,2202.0
2204,7.560593399999999,2203.0
2205,7.568307099999999,2204.0
2206,7.576142699999999,2205.0
2207,7.583764099999999,2206.0
2208,7.591574499999999,2207.0
2209,7.599125899999999,2208.0
2210,7.607125899999999,2209.0
2211,7.614836399999999,2210.0
2212,7.622893999999999,2211.0
2213,7.630445699999998,2212.0
2214,7.638460999999999,2213.0
2215,7.649981799999999,2214.0
2216,7.657714299999999,2215.0
2217,7.665256499999999,2216.0
2218,7.672814999999999,2217.0
2219,7.680162199999999,2218.0
2220,7.688169199999999,2219.0
2221,7.695591699999999,2220.0
2222,7.7036596999999984,2221.0
2223,7.711178499999998,2222.0
2224,7.718916399999999,2223.0
2225,7.726552199999999,2224.0
2226,7.734428499999999,2225.0
2227,7.742110599999999,2226.0
2228,7.749884099999999,2227.0
2229,7.757831699999999,2228.0
2230,7.765456899999998,2229.0
2231,7.773443199999998,2230.0
2232,7.781157899999998,2231.0
2233,7.789139799999998,2232.0
2234,7.796696899999998,2233.0
2235,7.804608899999998,2234.0
2236,7.812076199999998,2235.0
2237,7.820293999999998,2236.0
2238,7.828022499999998,2237.0
2239,7.8363894999999975,2238.0
2240,7.844338699999997,2239.0
2241,7.852440599999997,2240.0
2242,7.859933599999997,2241.0
2243,7.868839099999997,2242.0
2244,7.877115799999997,2243.0
2245,7.884798699999997,2244.0
2246,7.892507199999996,2245.0
2247,7.900462499999996,2246.0
2248,7.908223299999996,2247.0
2249,7.916201599999996,2248.0
2250,7.924123299999996,2249.0
2251,7.9318199999999965,2250.0
2252,7.939815099999996,2251.0
2253,7.947429099999996,2252.0
2254,7.955332099999996,2253.0
2255,7.962878399999996,2254.0
2256,7.971100499999996,2255.0
2257,7.978789999999996,2256.0
2258,7.987183499999996,2257.0
2259,7.994832899999996,2258.0
2260,8.002917099999996,2259.0
2261,8.010807099999996,2260.0
2262,8.018781799999996,2261.0
2263,8.026564399999996,2262.0
2264,8.034319899999996,2263.0
2265,8.042037699999996,2264.0
2266,8.049854299999996,2265.0
2267,8.057994099999997,2266.0
2268,8.065693899999996,2267.0
2269,8.073803299999996,2268.0
2270,8.081716699999996,2269.0
2271,8.089757699999996,2270.0
2272,8.097708699999997,2271.0
2273,8.105837599999997,2272.0
2274,8.113689099999997,2273.0
2275,8.121649899999996,2274.0
2276,8.129250099999997,2275.0
2277,8.137516999999997,2276.0
2278,8.145210499999997,2277.0
2279,8.153374699999997,2278.0
2280,8.161067399999997,2279.0
2281,8.169450399999997,2280.0
2282,8.177163499999997,2281.0
2283,8.186247999999997,2282.0
2284,8.193923699999997,2283.0
2285,8.202472099999998,2284.0
2286,8.210432399999998,2285.0
2287,8.218625999999999,2286.0
2288,8.226598,2287.0
2289,8.2350678,2288.0
2290,8.242780999999999,2289.0
2291,8.250740799999999,2290.0
2292,8.2586777,2291.0
2293,8.2670013,2292.0
2294,8.2755255,2293.0
2295,8.283876900000001,2294.0
2296,8.292171000000002,2295.0
2297,8.300546300000002,2296.0
2298,8.308578100000002,2297.0
2299,8.316631500000002,2298.0
2300,8.324768400000002,2299.0
2301,8.332873400000002,2300.0
2302,8.340868000000002,2301.0
2303,8.348868000000001,2302.0
2304,8.3575148,2303.0
2305,8.365642900000001,2304.0
2306,8.3737677,2305.0
2307,8.3819814,2306.0
2308,8.3900821,2307.0
2309,8.398176300000001,2308.0
2310,8.406329500000002,2309.0
2311,8.414975100000001,2310.0
2312,8.422893700000001,2311.0
2313,8.43119,2312.0
2314,8.439436200000001,2313.0
2315,8.448775500000002,2314.0
2316,8.456669900000001,2315.0
2317,8.4646661,2316.0
2318,8.4730827,2317.0
2319,8.4825274,2318.0
2320,8.490624200000001,2319.0
2321,8.4996082,2320.0
2322,8.512272900000001,2321.0
2323,8.5204824,2322.0
2324,8.5285317,2323.0
2325,8.536901,2324.0
2326,8.5448968,2325.0
2327,8.5531266,2326.0
2328,8.5612834,2327.0
2329,8.569854900000001,2328.0
2330,8.577823,2329.0
2331,8.5862087,2330.0
2332,8.5941606,2331.0
2333,8.602579,2332.0
2334,8.610501000000001,2333.0
2335,8.619288000000001,2334.0
2336,8.627508500000001,2335.0
2337,8.636411400000002,2336.0
2338,8.644577000000002,2337.0
2339,8.653395100000001,2338.0
2340,8.6618463,2339.0
2341,8.6703694,2340.0
2342,8.6788758,2341.0
2343,8.6874523,2342.0
2344,8.6959189,2343.0
2345,8.7043081,2344.0
2346,8.7147892,2345.0
2347,8.7228846,2346.0
2348,8.731402600000001,2347.0
2349,8.7398883,2348.0
2350,8.7484068,2349.0
2351,8.7566367,2350.0
2352,8.7651314,2351.0
2353,8.7734779,2352.0
2354,8.782058,2353.0
2355,8.7903472,2354.0
2356,8.7985583,2355.0
2357,8.8067427,2356.0
2358,8.8150935,2357.0
2359,8.823248,2358.0
2360,8.8317433,2359.0
2361,8.840923199999999,2360.0
2362,8.8494839,2361.0
2363,8.857642299999998,2362.0
2364,8.866286999999998,2363.0
2365,8.874346899999997,2364.0
2366,8.882611699999996,2365.0
2367,8.890659799999996,2366.0
2368,8.899218099999997,2367.0
2369,8.908173799999997,2368.0
2370,8.916718399999997,2369.0
2371,8.924598199999997,2370.0
2372,8.932991299999996,2371.0
2373,8.940789999999996,2372.0
2374,8.949338399999997,2373.0
2375,8.958612999999996,2374.0
2376,8.968277899999997,2375.0
2377,8.977653799999997,2376.0
2378,8.986892999999997,2377.0
2379,8.996645699999997,2378.0
2380,9.005247499999996,2379.0
2381,9.014114899999996,2380.0
2382,9.022632299999996,2381.0
2383,9.031223099999997,2382.0
2384,9.040575899999997,2383.0
2385,9.050531399999997,2384.0
2386,9.059630199999997,2385.0
2387,9.069103099999998,2386.0
2388,9.079861399999999,2387.0
2389,9.088378899999999,2388.0
2390,9.096775,2389.0
2391,9.1050478,2390.0
2392,9.113383599999999,2391.0
2393,9.121428799999999,2392.0
2394,9.1298778,2393.0
2395,9.138062799999998,2394.0
2396,9.146591099999998,2395.0
2397,9.154634999999999,2396.0
2398,9.1629882,2397.0
2399,9.171309899999999,2398.0
2400,9.179876599999998,2399.0
2401,9.188116899999999,2400.0
2402,9.1965922,2401.0
2403,9.2048098,2402.0
2404,9.2146212,2403.0
2405,9.223121299999999,2404.0
2406,9.232006899999998,2405.0
2407,9.240061699999998,2406.0
2408,9.248896499999999,2407.0
2409,9.2569606,2408.0
2410,9.2658284,2409.0
2411,9.2740321,2410.0
2412,9.282841,2411.0
2413,9.2911001,2412.0
2414,9.299626,2413.0
2415,9.3078245,2414.0
2416,9.316731200000001,2415.0
2417,9.325264200000001,2416.0
2418,9.333694500000002,2417.0
2419,9.342251600000003,2418.0
2420,9.350828000000003,2419.0
2421,9.359115900000003,2420.0
2422,9.367728800000002,2421.0
2423,9.376301000000002,2422.0
2424,9.385170500000001,2423.0
2425,9.393644900000002,2424.0
2426,9.402192700000002,2425.0
2427,9.411005000000003,2426.0
2428,9.419353300000003,2427.0
2429,9.428562900000003,2428.0
2430,9.436748000000003,2429.0
2431,9.445446700000003,2430.0
2432,9.453534400000004,2431.0
2433,9.462194800000004,2432.0
2434,9.470777800000004,2433.0
2435,9.479296000000003,2434.0
2436,9.487647000000003,2435.0
2437,9.496340300000002,2436.0
2438,9.504755500000002,2437.0
2439,9.513758200000002,2438.0
2440,9.522503200000001,2440.0
2441,9.5318368,2441.0
2442,9.5401392,2442.0
2443,9.549147600000001,2443.0
2444,9.5574834,2444.0
2445,9.566317100000001,2445.0
2446,9.575043,2446.0
2447,9.5835226,2447.0
2448,9.5920636,2448.0
2449,9.6007115,2449.0
2450,9.609359199999998,2450.0
2451,9.618026799999999,2451.0
2452,9.6268187,2452.0
2453,9.635515499999999,2453.0
2454,9.644609899999999,2454.0
2455,9.653245499999999,2455.0
2456,9.66194,2456.0
2457,9.670392699999999,2457.0
2458,9.6791057,2458.0
2459,9.687672,2459.0
2460,9.6967094,2460.0
2461,9.7052613,2461.0
2462,9.7141282,2462.0
2463,9.722477399999999,2463.0
2464,9.731417299999999,2464.0
2465,9.740233799999999,2465.0
2466,9.748943099999998,2466.0
2467,9.757573699999998,2467.0
2468,9.766438199999998,2468.0
2469,9.774987899999998,2470.0
2470,9.784264199999997,2471.0
2471,9.793054999999997,2472.0
2472,9.801547499999996,2473.0
2473,9.810721399999997,2474.0
2474,9.819108099999998,2475.0
2475,9.828452599999997,2476.0
2476,9.837308399999996,2477.0
2477,9.846858999999997,2478.0
2478,9.858875899999997,2479.0
2479,9.868638599999997,2480.0
2480,9.878583999999996,2481.0
2481,9.887414799999997,2482.0
2482,9.896356899999997,2483.0
2483,9.904791599999998,2484.0
2484,9.913837999999998,2485.0
2485,9.922355399999999,2486.0
2486,9.931326499999999,2487.0
2487,9.939980199999999,2488.0
2488,9.948729199999999,2489.0
2489,9.957244499999998,2490.0
2490,9.966073899999998,2491.0
2491,9.974700199999997,2492.0
2492,9.983275999999996,2493.0
2493,9.993086499999997,2494.0
2494,10.002133699999996,2495.0
2495,10.010927399999996,2496.0
2496,10.019879899999996,2497.0
2497,10.028957499999995,2498.0
2498,10.037364899999995,2499.0
2499,10.046331799999995,2500.0
2500,10.054809799999996,2501.0
2501,10.064024999999996,2502.0
2502,10.072766099999996,2503.0
2503,10.081901499999995,2504.0
2504,10.090806699999995,2505.0
2505,10.100206399999994,2506.0
2506,10.108986199999993,2507.0
2507,10.117614699999994,2508.0
2508,10.126726499999993,2509.0
2509,10.135658799999993,2510.0
2510,10.144791499999993,2511.0
2511,10.153371499999993,2512.0
2512,10.162798699999993,2513.0
2513,10.172028299999992,2514.0
2514,10.181197699999991,2515.0
2515,10.191935599999992,2516.0
2516,10.200471299999991,2517.0
2517,10.209486899999991,2518.0
2518,10.21819559999999,2519.0
2519,10.227999699999991,2520.0
2520,10.237209299999991,2521.0
2521,10.24613139999999,2522.0
2522,10.25456159999999,2523.0
2523,10.26359169999999,2524.0
2524,10.272395799999991,2525.0
2525,10.281379999999992,2526.0
2526,10.292147999999992,2527.0
2527,10.300981499999992,2528.0
2528,10.310145099999993,2529.0
2529,10.318596199999993,2530.0
2530,10.328015099999993,2531.0
2531,10.337265199999992,2532.0
2532,10.346211399999993,2533.0
2533,10.354987599999992,2534.0
2534,10.364133699999993,2536.0
2535,10.373383699999993,2537.0
2536,10.382157399999993,2538.0
2537,10.391620299999994,2539.0
2538,10.400281599999994,2540.0
2539,10.409136299999995,2541.0
2540,10.417646099999995,2542.0
2541,10.427159799999995,2543.0
2542,10.435886199999995,2544.0
2543,10.445161299999995,2545.0
2544,10.453786799999996,2546.0
2545,10.463333399999996,2547.0
2546,10.472265399999996,2548.0
2547,10.481376399999997,2549.0
2548,10.490465599999997,2550.0
2549,10.499231999999997,2551.0
2550,10.508475399999998,2552.0
2551,10.517344299999998,2553.0
2552,10.526522099999998,2554.0
2553,10.535376699999997,2555.0
2554,10.544820499999997,2556.0
2555,10.554414099999997,2557.0
2556,10.563499199999997,2558.0
2557,10.572865199999997,2559.0
2558,10.582042799999996,2560.0
2559,10.591347899999997,2561.0
2560,10.600033699999997,2562.0
2561,10.609616799999998,2563.0
2562,10.618404099999998,2564.0
2563,10.627734799999997,2565.0
2564,10.636664899999998,2566.0
2565,10.645791399999998,2567.0
2566,10.654765699999999,2568.0
2567,10.663751099999999,2569.0
2568,10.6727791,2570.0
2569,10.6818259,2571.0
2570,10.692703999999999,2572.0
2571,10.7013111,2573.0
2572,10.710840899999999,2574.0
2573,10.7198987,2576.0
2574,10.7290286,2577.0
2575,10.7383119,2578.0
2576,10.747252099999999,2579.0
2577,10.7583141,2580.0
2578,10.767839,2581.0
2579,10.778654600000001,2582.0
2580,10.7877492,2583.0
2581,10.7966693,2584.0
2582,10.805789599999999,2585.0
2583,10.814773099999998,2586.0
2584,10.823972799999998,2587.0
2585,10.833044599999997,2588.0
2586,10.842433899999998,2589.0
2587,10.851310299999998,2590.0
2588,10.861300199999999,2591.0
2589,10.870200599999999,2592.0
2590,10.879228399999999,2593.0
2591,10.8900131,2594.0
2592,10.8990675,2595.0
2593,10.908695499999999,2596.0
2594,10.917661499999998,2597.0
2595,10.927249399999997,2598.0
2596,10.936175399999998,2599.0
2597,10.945424099999999,2600.0
2598,10.954416399999998,2601.0
2599,10.963741699999998,2602.0
2600,10.973582399999998,2603.0
2601,10.982521599999998,2604.0
2602,10.991800999999999,2605.0
2603,11.0007969,2606.0
2604,11.010304499999998,2607.0
2605,11.019340599999998,2608.0
2606,11.028480699999998,2609.0
2607,11.037865599999998,2610.0
2608,11.046897199999998,2611.0
2609,11.056137699999999,2612.0
2610,11.0652195,2613.0
2611,11.0745464,2614.0
2612,11.083742699999998,2615.0
2613,11.0930393,2616.0
2614,11.102254899999998,2617.0
2615,11.111745699999998,2618.0
2616,11.121907299999998,2619.0
2617,11.130965599999998,2620.0
2618,11.140661799999998,2621.0
2619,11.150038699999998,2622.0
2620,11.159531499999998,2623.0
2621,11.168599699999998,2624.0
2622,11.178202399999998,2625.0
2623,11.187480399999998,2626.0
2624,11.197071999999999,2627.0
2625,11.206482699999999,2628.0
2626,11.215511499999998,2629.0
2627,11.225136599999997,2630.0
2628,11.234375299999996,2633.0
2629,11.243889399999997,2634.0
2630,11.255918299999998,2635.0
2631,11.264978399999997,2636.0
2632,11.274627099999996,2637.0
2633,11.283866799999997,2638.0
2634,11.293358699999997,2639.0
2635,11.302828899999998,2640.0
2636,11.312364299999999,2641.0
2637,11.3217968,2642.0
2638,11.331652199999999,2643.0
2639,11.3412095,2644.0
2640,11.3502335,2645.0
2641,11.3599938,2646.0
2642,11.3693904,2647.0
2643,11.3787029,2648.0
2644,11.3883559,2649.0
2645,11.3973276,2650.0
2646,11.406665700000001,2651.0
2647,11.416199500000001,2652.0
2648,11.425809300000001,2653.0
2649,11.435318,2654.0
2650,11.4445843,2655.0
2651,11.4548903,2656.0
2652,11.464053900000001,2657.0
2653,11.473603400000002,2658.0
2654,11.482667700000002,2659.0
2655,11.492678600000001,2660.0
2656,11.5023852,2661.0
2657,11.5118997,2662.0
2658,11.521810400000001,2663.0
2659,11.531862100000001,2664.0
2660,11.545154600000002,2665.0
2661,11.554625900000001,2666.0
2662,11.563864900000002,2667.0
2663,11.573368200000003,2668.0
2664,11.582462600000003,2669.0
2665,11.591916400000002,2670.0
2666,11.601362400000003,2671.0
2667,11.610969300000002,2672.0
2668,11.621023000000003,2673.0
2669,11.630352400000003,2674.0
2670,11.640034400000003,2677.0
2671,11.649337600000003,2678.0
2672,11.659141900000003,2679.0
2673,11.670230400000003,2680.0
2674,11.679877000000003,2681.0
2675,11.689598900000004,2682.0
2676,11.700140800000003,2683.0
2677,11.709670900000003,2684.0
2678,11.719436000000002,2685.0
2679,11.728865200000001,2686.0
2680,11.738422600000002,2687.0
2681,11.747592000000001,2688.0
2682,11.757437900000001,2689.0
2683,11.7667856,2690.0
2684,11.7762752,2691.0
2685,11.7855953,2692.0
2686,11.7950345,2693.0
2687,11.804772999999999,2694.0
2688,11.814025699999998,2695.0
2689,11.823595,2696.0
2690,11.8332781,2697.0
2691,11.8428191,2698.0
2692,11.8522565,2700.0
2693,11.8617254,2701.0
2694,11.8713891,2702.0
2695,11.8814097,2703.0
2696,11.891952900000001,2704.0
2697,11.903153800000002,2705.0
2698,11.912671600000001,2706.0
2699,11.9223689,2707.0
2700,11.9319922,2708.0
2701,11.9424892,2709.0
2702,11.952131000000001,2710.0
2703,11.961275300000002,2711.0
2704,11.971109700000003,2712.0
2705,11.980537700000003,2713.0
2706,11.990880500000003,2714.0
2707,12.000290200000004,2715.0
2708,12.009727100000005,2716.0
2709,12.019886100000004,2717.0
2710,12.029171700000004,2718.0
2711,12.038774300000004,2719.0
2712,12.048277300000004,2720.0
2713,12.057990200000004,2721.0
2714,12.067572800000004,2722.0
2715,12.076969400000005,2723.0
2716,12.086586400000005,2724.0
2717,12.096150800000006,2725.0
2718,12.105861400000006,2726.0
2719,12.115506700000006,2727.0
2720,12.125158300000006,2728.0
2721,12.135861100000007,2729.0
2722,12.145223000000007,2734.0
2723,12.155219100000007,2735.0
2724,12.164494800000007,2736.0
2725,12.174277700000006,2737.0
2726,12.183962000000006,2738.0
2727,12.194260200000006,2739.0
2728,12.205516000000006,2740.0
2729,12.215213700000007,2741.0
2730,12.225133300000007,2742.0
2731,12.236873700000007,2743.0
2732,12.245901500000008,2744.0
2733,12.255714100000008,2745.0
2734,12.265085600000008,2746.0
2735,12.275428700000008,2747.0
2736,12.285658200000007,2748.0
2737,12.294836200000008,2749.0
2738,12.304753100000008,2750.0
2739,12.314346200000008,2751.0
2740,12.323929500000007,2752.0
2741,12.334953300000008,2753.0
2742,12.344275300000007,2754.0
2743,12.353854200000006,2755.0
2744,12.363374000000006,2756.0
2745,12.373156200000006,2757.0
2746,12.382891900000006,2758.0
2747,12.392207400000006,2759.0
2748,12.401974900000006,2760.0
2749,12.411488000000006,2761.0
2750,12.421410600000005,2762.0
2751,12.431229800000006,2763.0
2752,12.441405500000005,2764.0
2753,12.451220700000006,2765.0
2754,12.460835500000005,2766.0
2755,12.470880500000005,2767.0
2756,12.480507300000005,2768.0
2757,12.490431000000005,2769.0
2758,12.499898800000004,2770.0
2759,12.509585600000005,2771.0
2760,12.519830400000005,2772.0
2761,12.529192600000005,2773.0
2762,12.539559000000006,2774.0
2763,12.551026900000005,2775.0
2764,12.560370700000005,2776.0
2765,12.570333000000005,2780.0
2766,12.579719900000006,2781.0
2767,12.589455800000007,2782.0
2768,12.599416300000007,2783.0
2769,12.609113100000007,2784.0
2770,12.619002800000008,2785.0
2771,12.628699400000007,2786.0
2772,12.638721900000007,2787.0
2773,12.648552900000007,2788.0
2774,12.658181200000007,2789.0
2775,12.667992900000007,2790.0
2776,12.678251900000006,2791.0
2777,12.689897100000007,2792.0
2778,12.700864800000007,2793.0
2779,12.711717600000007,2794.0
2780,12.722412300000007,2795.0
2781,12.732611600000007,2796.0
2782,12.742725900000007,2797.0
2783,12.754899700000006,2798.0
2784,12.764866800000007,2799.0
2785,12.775321000000007,2800.0
2786,12.785705600000007,2801.0
2787,12.795871600000007,2802.0
2788,12.805956200000008,2803.0
2789,12.816353000000008,2804.0
2790,12.826389000000008,2805.0
2791,12.837301100000008,2806.0
2792,12.847600300000009,2815.0
2793,12.85776650000001,2816.0
2794,12.86803710000001,2817.0
2795,12.877708900000009,2818.0
2796,12.887863600000008,2819.0
2797,12.898215400000009,2820.0
2798,12.90846460000001,2821.0
2799,12.91882540000001,2822.0
2800,12.92906710000001,2823.0
2801,12.93936150000001,2824.0
2802,12.94964640000001,2825.0
2803,12.95979430000001,2826.0
2804,12.970111800000009,2827.0
2805,12.980858700000008,2828.0
2806,12.990961500000008,2829.0
2807,13.001262300000008,2830.0
2808,13.014279500000008,2831.0
2809,13.025959100000009,2832.0
2810,13.035750800000008,2833.0
2811,13.045866800000008,2834.0
2812,13.055916800000007,2835.0
2813,13.065920000000007,2836.0
2814,13.075556400000007,2837.0
2815,13.085800700000007,2838.0
2816,13.095509200000008,2839.0
2817,13.105671300000008,2840.0
2818,13.115622300000007,2841.0
2819,13.125552100000007,2842.0
2820,13.135931300000006,2843.0
2821,13.145803600000006,2844.0
2822,13.155860200000006,2845.0
2823,13.166104200000007,2855.0
2824,13.176926100000006,2856.0
2825,13.187559800000006,2857.0
2826,13.197727700000007,2858.0
2827,13.209882800000006,2859.0
2828,13.220322300000007,2860.0
2829,13.230517700000007,2861.0
2830,13.240526200000007,2862.0
2831,13.250888000000007,2863.0
2832,13.260951600000007,2864.0
2833,13.270895600000008,2865.0
2834,13.281555700000009,2866.0
2835,13.292128100000008,2867.0
2836,13.302653100000008,2868.0
2837,13.313445900000008,2869.0
2838,13.323914200000008,2870.0
2839,13.335423200000008,2871.0
2840,13.346895600000009,2872.0
2841,13.35734910000001,2873.0
2842,13.36755710000001,2874.0
2843,13.37987040000001,2875.0
2844,13.389738700000011,2876.0
2845,13.400013100000011,2877.0
2846,13.40997020000001,2878.0
2847,13.42044950000001,2879.0
2848,13.430828200000011,2880.0
2849,13.44122810000001,2881.0
2850,13.451811100000011,2882.0
2851,13.46198270000001,2883.0
2852,13.472322200000011,2884.0
2853,13.482845700000011,2885.0
2854,13.492844800000011,2886.0
2855,13.503266700000012,2887.0
2856,13.513645700000012,2888.0
2857,13.524088300000011,2889.0
2858,13.534305800000011,2890.0
2859,13.546285000000012,2891.0
2860,13.556084700000012,2892.0
2861,13.566574100000013,2898.0
2862,13.576301000000013,2899.0
2863,13.586802000000013,2900.0
2864,13.597181600000013,2901.0
2865,13.607159900000013,2902.0
2866,13.617795200000014,2903.0
2867,13.628114300000014,2904.0
2868,13.639133100000015,2905.0
2869,13.649669300000015,2906.0
2870,13.659467200000016,2907.0
2871,13.669610500000015,2908.0
2872,13.680280300000016,2909.0
2873,13.690571100000016,2910.0
2874,13.701300200000016,2911.0
2875,13.712349900000016,2912.0
2876,13.722162700000016,2913.0
2877,13.732696100000016,2914.0
2878,13.742840000000015,2915.0
2879,13.753194100000016,2916.0
2880,13.763733300000016,2917.0
2881,13.773833500000016,2918.0
2882,13.784212600000016,2919.0
2883,13.795304700000017,2920.0
2884,13.805420800000016,2921.0
2885,13.815860800000015,2926.0
2886,13.826337800000015,2927.0
2887,13.837480300000015,2928.0
2888,13.848134300000016,2929.0
2889,13.858295100000015,2930.0
2890,13.869034100000015,2931.0
2891,13.880017900000015,2932.0
2892,13.890057600000015,2933.0
2893,13.900776600000015,2934.0
2894,13.910848800000014,2935.0
2895,13.921358600000014,2936.0
2896,13.931667800000014,2937.0
2897,13.941788400000014,2938.0
2898,13.952372600000015,2939.0
2899,13.962824400000015,2940.0
2900,13.973030200000014,2941.0
2901,13.983610800000015,2942.0
2902,13.994639600000015,2943.0
2903,14.005186900000016,2944.0
2904,14.015682200000017,2945.0
2905,14.028144700000016,2946.0
2906,14.038466400000017,2947.0
2907,14.048920200000017,2948.0
2908,14.059266400000018,2949.0
2909,14.069965400000019,2950.0
2910,14.080384900000018,2951.0
2911,14.090570100000019,2952.0
2912,14.101121700000018,2953.0
2913,14.111271700000017,2954.0
2914,14.121637200000018,2955.0
2915,14.132311700000018,2956.0
2916,14.144251800000019,2957.0
2917,14.154503800000018,2958.0
2918,14.165114100000018,2959.0
2919,14.175464100000019,2960.0
2920,14.186369100000018,2961.0
2921,14.196984700000018,2967.0
2922,14.207268200000017,2968.0
2923,14.218278800000018,2969.0
2924,14.228906600000018,2970.0
2925,14.239086400000017,2971.0
2926,14.249870100000017,2972.0
2927,14.260827000000017,2973.0
2928,14.271117800000017,2974.0
2929,14.281520900000016,2975.0
2930,14.291943800000016,2976.0
2931,14.302560800000016,2977.0
2932,14.313108800000016,2978.0
2933,14.323123800000015,2979.0
2934,14.333884600000015,2980.0
2935,14.344279500000015,2981.0
2936,14.354545500000015,2982.0
2937,14.365505700000014,2983.0
2938,14.375788700000014,2984.0
2939,14.386288600000013,2985.0
2940,14.396986400000014,2986.0
2941,14.407484500000013,2987.0
2942,14.418161900000014,2988.0
2943,14.429073300000013,2989.0
2944,14.439308800000013,2990.0
2945,14.449912100000013,2991.0
2946,14.460567100000013,2992.0
2947,14.471282400000012,2993.0
2948,14.482262400000012,2994.0
2949,14.492702200000013,2995.0
2950,14.502747800000012,2996.0
2951,14.513719400000012,2997.0
2952,14.525993200000011,2998.0
2953,14.536952600000012,2999.0
2954,14.547826200000012,3000.0
2955,14.559692600000012,3001.0
2956,14.569982400000013,3002.0
2957,14.580770200000012,3003.0
2958,14.591293900000013,3004.0
2959,14.601885800000012,3005.0
2960,14.612492100000011,3013.0
2961,14.625508400000012,3014.0
2962,14.636003700000012,3015.0
2963,14.646958100000012,3016.0
2964,14.657751700000011,3017.0
2965,14.668529300000012,3018.0
2966,14.679347600000012,3019.0
2967,14.692137700000012,3020.0
2968,14.702581200000012,3021.0
2969,14.713361300000011,3022.0
2970,14.723800500000012,3023.0
2971,14.734374900000011,3024.0
2972,14.745181200000012,3025.0
2973,14.755492400000012,3026.0
2974,14.766189300000011,3027.0
2975,14.77672340000001,3028.0
2976,14.78707410000001,3029.0
2977,14.79778870000001,3030.0
2978,14.808471900000011,3031.0
2979,14.818948800000012,3032.0
2980,14.829791600000013,3033.0
2981,14.841080400000013,3034.0
2982,14.851698400000013,3035.0
2983,14.862707400000012,3036.0
2984,14.873526800000013,3037.0
2985,14.884155800000013,3038.0
2986,14.894955700000013,3039.0
2987,14.905586800000012,3040.0
2988,14.916431800000012,3041.0
2989,14.927316700000013,3042.0
2990,14.937845200000012,3043.0
2991,14.948558900000013,3044.0
2992,14.959222200000012,3045.0
2993,14.970104600000012,3046.0
2994,14.981391500000012,3047.0
2995,14.992514800000011,3048.0
2996,15.003826800000011,3049.0
2997,15.015102900000011,3050.0
2998,15.026091100000011,3051.0
2999,15.03699960000001,3052.0
3000,15.04789070000001,3053.0
